FILE_NAME,CATEGORY,TOTAL_TOKENS(excluding_spaces),TOTAL_SENTENCES,TOTAL_LINES,TOTAL_WORDS,UNIQUE_WORDS
Cooperative-societies-in-agricultural-sector.txt,Agri-Credit,1647,53,89,1647,598
Interest-subvention-scheme-for-farmers.txt,Agri-Credit,1152,37,51,1152,392
Priority-sector-lending.txt,Agri-Credit,3207,96,238,3207,721
Revised-Kisan-Credit-Card-Scheme.txt,Agri-Credit,2480,79,174,2480,795
20th-Livestock-Census.txt,Agri-Directory,3061,100,977,3061,878
Agricultural-Technology-Information-Centre.txt,Agri-Directory,1165,8,98,1165,365
Basic-Animal-Husbandry-Statistics.txt,Agri-Directory,572,20,36,572,210
Commodity-Boards.txt,Agri-Directory,0,0,1,0,0
Globally-Important-Agricultural-Heritage-Systems-in-India.txt,Agri-Directory,577,22,30,577,290
ICAR-institutes-_-Universities.txt,Agri-Directory,1198,16,338,1198,611
Indicative-Unit-Cost-Of-Investment-In-Agriculture-And-Allied-Activities.txt,Agri-Directory,36,1,3,36,24
Input-agencies.txt,Agri-Directory,0,0,1,0,0
International-Organisations.txt,Agri-Directory,2,1,1,2,2
Krishi-Vigyan-Kendras.txt,Agri-Directory,708,18,35,708,310
Locate-your-nearest-Warehouse.txt,Agri-Directory,204,6,21,204,97
National-Farmers-Day.txt,Agri-Directory,541,28,27,541,252
National-Fish-Farmers-Day.txt,Agri-Directory,598,16,35,598,278
Related-Ministries.txt,Agri-Directory,0,0,1,0,0
Related-portals.txt,Agri-Directory,0,0,1,0,0
State-Agriculture-departments.txt,Agri-Directory,0,0,1,0,0
State-of-Food-and-Agriculture.txt,Agri-Directory,765,26,30,765,344
State-of-World-Fisheries-and-Aquaculture.txt,Agri-Directory,1426,46,27,1426,538
The-State-of-Food-Security-and-Nutrition-in-the-World.txt,Agri-Directory,1457,43,47,1457,512
The-State-of-the-World’s-Biodiversity-for-Food-and-Agriculture.txt,Agri-Directory,702,23,28,702,245
Unified-Portal-for-Agricultural-Statistics.txt,Agri-Directory,543,21,30,543,237
World-Cotton-Day.txt,Agri-Directory,835,33,37,835,364
World-Fisheries-Day.txt,Agri-Directory,268,7,21,268,129
World-Food-Day-.txt,Agri-Directory,745,29,45,745,346
World-Milk-Day.txt,Agri-Directory,368,14,21,368,185
World-Veterinary-Day.txt,Agri-Directory,464,13,18,464,208
Agri-commodities-for-export.txt,Agri-Exports,1805,56,351,1805,681
Agriculture-Export-Policy-2018.txt,Agri-Exports,907,32,44,907,408
Export-of-Agricultural-and-processed-food-products.txt,Agri-Exports,184,17,30,184,87
Export-policy-of-broken-rice-amended-to-ensure-adequate-domestic-availability.txt,Agri-Exports,986,27,27,986,359
Guidelines-on-quality-improvement-of-Black-Pepper.txt,Agri-Exports,1278,64,54,1278,494
Kasturi-Cotton-India.txt,Agri-Exports,438,12,16,438,226
Sea-Protocol--Exporting-Nendran-Banana.txt,Agri-Exports,1933,82,126,1933,755
Tiny-but-wealthy-sesame.txt,Agri-Exports,1738,69,122,1738,643
Actinomycetes-for-effective-management-of-plant-diseases-and-nematodes.txt,Agri-Inputs,1197,71,148,1197,506
Ant-traps.txt,Agri-Inputs,91,5,14,91,68
Bioagents-for-Management-of-Plant-Parasitic-Nematodes.txt,Agri-Inputs,979,35,115,979,451
Biofertilizers.txt,Agri-Inputs,1595,86,120,1595,592
Bird-percher.txt,Agri-Inputs,152,9,11,152,92
Blue-sticky-traps.txt,Agri-Inputs,246,16,37,246,118
Botanicals.txt,Agri-Inputs,369,22,71,369,177
Bracon-Pupal-cards.txt,Agri-Inputs,321,13,13,321,185
Brown-manuring.txt,Agri-Inputs,910,39,28,910,402
Classes-of-seeds.txt,Agri-Inputs,498,19,41,498,190
Compost-from-farm-waste.txt,Agri-Inputs,2056,109,66,2056,640
Compost-from-Parthenium.txt,Agri-Inputs,1160,58,82,1160,463
Crop-varieties-in-India.txt,Agri-Inputs,201,4,31,201,75
Dasagavya.txt,Agri-Inputs,372,15,20,372,206
Delta-Sticky-traps.txt,Agri-Inputs,140,8,15,140,98
Drip-irrigation-system.txt,Agri-Inputs,2166,105,184,2166,854
FAQs-on-Plant-Tissue-culture.txt,Agri-Inputs,1158,61,79,1158,433
Fertilizer-related-schemes.txt,Agri-Inputs,485,20,20,485,204
Fruit-fly-traps-using-methyl-eugenol.txt,Agri-Inputs,342,24,21,342,184
"Fruit-fly-traps-using-ripe-banana,-apple-or-mango-peel.txt",Agri-Inputs,112,9,16,112,81
Light-Traps.txt,Agri-Inputs,276,12,30,276,163
Manures-.txt,Agri-Inputs,941,44,30,941,375
Mass-production-of-Nuclear-Polyhedrosis-Virus-(NPV).txt,Agri-Inputs,283,13,20,283,161
Mass-production-of-Trichoderma.txt,Agri-Inputs,372,18,26,372,191
Mass-production-of-Trichogramma-spp..txt,Agri-Inputs,638,18,85,638,309
Mexican-beetle-for-Parthenium-management.txt,Agri-Inputs,2591,123,61,2591,794
Nano-Urea.txt,Agri-Inputs,418,17,29,418,228
National-Certification-System-for-Tissue-Culture-raised-plants.txt,Agri-Inputs,827,23,39,827,308
National-database-on-post-harvest-machinery-.txt,Agri-Inputs,136,3,16,136,89
NCOF-waste-decomposer.txt,Agri-Inputs,576,25,47,576,262
Neem-coated-urea.txt,Agri-Inputs,888,31,28,888,348
Neem-Seed-Kernal-Extract.txt,Agri-Inputs,402,19,31,402,205
Panchagavya.txt,Agri-Inputs,767,34,88,767,332
Pheromone-traps.txt,Agri-Inputs,322,15,26,322,183
Pit-fall-traps.txt,Agri-Inputs,135,7,22,135,99
"Plant-ash,-sand,-Saw-dust,-egg-shell-powder-Mixture.txt",Agri-Inputs,92,4,12,92,64
Preparation-of-Bordeaux-mixture.txt,Agri-Inputs,1066,50,74,1066,386
Rapid-Composting-Technique.txt,Agri-Inputs,474,6,34,474,258
Rat-cage-trap.txt,Agri-Inputs,86,5,7,86,59
Rat-glue-trap.txt,Agri-Inputs,101,8,10,101,69
Revolutionize-farming-with-nano-silver-hydrogen-peroxide-for-Agriculture.txt,Agri-Inputs,596,24,21,596,306
Role-of-actinomycetes-in-the-management-of-plant-parasitic-nematodes.txt,Agri-Inputs,1023,47,40,1023,403
Safe-use-of-pesticides.txt,Agri-Inputs,893,76,116,893,339
Seed-certification.txt,Agri-Inputs,991,41,49,991,362
Seed-Quality.txt,Agri-Inputs,1351,49,113,1351,485
Seed-Treatment.txt,Agri-Inputs,891,48,158,891,320
Solar-Insect-Trapper.txt,Agri-Inputs,133,5,29,133,98
Spider-Multiplication.txt,Agri-Inputs,395,16,37,395,194
Sprinkler-Irrigation-System.txt,Agri-Inputs,769,42,125,769,351
Sulfur-oxidizing-bacteria-and-its-application-in-agriculture.txt,Agri-Inputs,969,57,33,969,407
Sulphur-coated-Urea.txt,Agri-Inputs,391,21,21,391,175
Support-from-Government.txt,Agri-Inputs,314,9,17,314,156
White-board-traps-for-snails.txt,Agri-Inputs,76,5,11,76,58
White-sticky-traps.txt,Agri-Inputs,246,15,39,246,119
Yellow-sticky-traps.txt,Agri-Inputs,257,16,38,257,123
Crop-Insurance.txt,Agri-Insurance,570,23,24,570,268
General-Insurance-Companies-empanelled-under-Crop-Insurance-Schemes.txt,Agri-Insurance,585,10,135,585,299
Livestock-Insurance.txt,Agri-Insurance,976,29,46,976,341
PM-Kisan-Maandhan-Yojana.txt,Agri-Insurance,1329,42,195,1329,501
Pradhan-Mantri-Fasal-Bima-Yojana.txt,Agri-Insurance,1844,66,156,1844,639
Revenue-Insurance-Scheme-for-Plantation-Crops.txt,Agri-Insurance,2051,60,130,2051,648
Unified-Package-Insurance-Scheme-.txt,Agri-Insurance,5436,199,353,5436,1135
Weather-Based-Crop-Insurance.txt,Agri-Insurance,1311,39,100,1311,432
About-Bee-Keeping.txt,Agro-enterprises,1528,70,90,1528,566
Advisory-on-Good-Beekeeping-Practices-(GBPs).txt,Agro-enterprises,2196,133,150,2196,745
Bee-Hive.txt,Agro-enterprises,1040,72,91,1040,439
Bee-Swarm.txt,Agro-enterprises,1167,65,70,1167,471
Beekeeping-Checklist.txt,Agro-enterprises,199,19,28,199,108
Button-mushroom-production.txt,Agro-enterprises,1895,91,57,1895,689
Chawki-rearing.txt,Agro-enterprises,280,13,18,280,160
Diseases-of-Honeybee.txt,Agro-enterprises,3183,155,65,3183,966
Do_s-and-Don_ts-in-Beekeeping.txt,Agro-enterprises,525,42,64,525,252
Dry-flower-production.txt,Agro-enterprises,693,39,72,693,324
Eco-paper-Production.txt,Agro-enterprises,1663,63,89,1663,631
Economics-of-cocoon-production.txt,Agro-enterprises,594,15,404,594,303
Floriculture.txt,Agro-enterprises,2488,113,44,2488,882
Hydroponics.txt,Crop-Production,656,34,54,656,339
Insect-of-Honeybee.txt,Agro-enterprises,5877,268,200,5877,1534
Kitchen-Garden.txt,Agro-enterprises,1061,44,82,1061,469
Modern-Nursery.txt,Agro-enterprises,1210,71,98,1210,481
Mulberry-cultivation.txt,Agro-enterprises,677,29,43,677,315
Mushroom-Magic.txt,Agro-enterprises,447,24,12,447,228
Other-mushroom-types.txt,Agro-enterprises,42,2,8,42,32
Oyster-mushroom-production.txt,Agro-enterprises,413,18,35,413,216
Post-Harvest-Handling-Protocol-for-Honey-Broad-Guidelines-for-use-of-FPOs.txt,Agro-enterprises,541,14,58,541,248
Products-from-corn.txt,Agro-enterprises,4239,195,129,4239,1281
Rural-Technologies.txt,Agro-enterprises,1678,85,81,1678,595
Sericulture-in-India.txt,Agro-enterprises,939,35,43,939,406
Silkworm-rearing.txt,Agro-enterprises,1718,77,180,1718,595
Tamarind-Processing-machinery-.txt,Agro-enterprises,750,33,19,750,273
Useful-Resources.txt,Policies-and-Schemes,155,2,20,155,93
Vermicomposting.txt,Agro-enterprises,1101,49,63,1101,478
Wonders-of-Bees-.txt,Agro-enterprises,1527,84,96,1527,617
"A-labour-saving-device-to-cut-sugarcane,-remove-buds.txt",Best-Practices,657,29,34,657,323
A-Unique-water-conservation-experiment-.txt,Best-Practices,142,6,8,142,88
Alternate-Year-Pruning-in-Roses.txt,Best-Practices,273,11,20,273,158
Alternative-farming-practices-from-cotton-to-sorghum.txt,Best-Practices,1222,61,128,1222,518
"Banamali-Das,-an-Integrated-Farmer.txt",Best-Practices,914,49,24,914,393
Basics-of-climate-smart-agriculture.txt,Best-Practices,421,16,25,421,209
Best-Extension-Practices.txt,Best-Practices,1209,52,106,1209,526
Best-practices-in-implementation-of-eNAM.txt,Best-Practices,2895,150,189,2895,885
Best-practices-in-implementation-of-PMFBY-.txt,Best-Practices,4006,154,215,4006,1093
Case-Studies---Agri-enterprises.txt,Best-Practices,3884,221,114,3884,1291
Case-Studies---Animal-Husbandry.txt,Best-Practices,865,40,29,865,375
Case-Studies--Fisheries.txt,Best-Practices,2255,117,142,2255,877
Check-Dam-construction-improves-water-availability.txt,Best-Practices,242,12,18,242,140
Chrysanthemum-Nipping.txt,Best-Practices,357,13,24,357,182
Community-Led-Paddy-Seed-Production---in-------Odisha.txt,Best-Practices,809,34,28,809,316
Community-Managed-Food-Forest.txt,Best-Practices,480,15,7,480,256
Conservation-bench-terracing-for-south-eastern-Rajasthan.txt,Best-Practices,287,13,14,287,163
Conservation-of-uncultivated-foods-by-local-communities.txt,Best-Practices,848,33,23,848,387
Cotton-Stripper.txt,Best-Practices,1243,68,45,1243,577
Cover-Crops-for-mitigating-Climate-Change.txt,Best-Practices,527,22,18,527,220
Crop-Diversification-with-Oil-Palm.txt,Best-Practices,478,17,24,478,219
"Dhanpati-Sapkota,-award-winning-farmer-from-Sikkim.txt",Best-Practices,599,34,17,599,259
Eco-friendly-Management-of-Coconut-Pests.txt,Best-Practices,778,30,18,778,363
Empowering-Farmers-as-Entrepreneurs.txt,Best-Practices,447,24,27,447,224
Ethnoveterinary-practices-in-animal-care.txt,Best-Practices,2866,112,218,2866,848
Excellent-Income-through--100_--Organic-Farming.txt,Best-Practices,706,28,268,706,374
Forest-of-Hope.txt,Best-Practices,514,30,11,514,279
Goldchain-Instead-of-Marital-Yellow-thread.txt,Best-Practices,548,26,55,548,233
Gujarat-Gauseva-Model.txt,Best-Practices,564,21,22,564,293
Herbal-formulation-Kamaal-505.txt,Best-Practices,674,27,56,674,360
Honeybee-and-Crop-Pollination.txt,Best-Practices,2575,126,93,2575,933
Hydrogel-Agriculture-Technology.txt,Best-Practices,1796,67,82,1796,702
Implicit-self-confidence-of-an-old-couple.txt,Best-Practices,1288,67,252,1288,556
Indigenous-technologies-practised-by-farmers.txt,Best-Practices,659,31,30,659,260
Innovative-Sugarcane-Cultivation.txt,Best-Practices,288,13,18,288,169
Integrated-farming-system-for-sustainable-agriculture.txt,Best-Practices,807,31,25,807,323
Intercropping-Onion-with-Cabbage.txt,Best-Practices,215,12,15,215,122
Jeevamrut-through-Drip-Irrigation.txt,Best-Practices,294,13,17,294,157
Jhaar-Karela---Selection-of-Wild-Bitter-Gourd.txt,Best-Practices,316,17,17,316,176
Lifting-hope-from-river.txt,Best-Practices,464,22,7,464,259
Live-and-let-live---The-mantra-of-Jubeda-Bee.txt,Best-Practices,563,31,13,563,295
Low-Cost-Paddy-Thresher.txt,Best-Practices,618,27,35,618,303
Multi-Tree-Climber.txt,Best-Practices,685,28,39,685,345
NPM-comes-handy-to-a-deserted-woman.txt,Best-Practices,391,18,71,391,225
Onion-cum-Coriander-Leaves-Production-Technology.txt,Best-Practices,224,8,19,224,142
Organic-Farming-Systems.txt,Best-Practices,758,27,26,758,358
Paddy-in-Punjab----Sustainable-Water-use.txt,Best-Practices,565,25,23,565,248
Pashu-Sakhi---An-alternative-livestock-extension-approach.txt,Best-Practices,1456,63,42,1456,578
Peach-Based-Farming-System.txt,Best-Practices,304,10,18,304,164
Poosarlapadu-Organic-village-.txt,Best-Practices,413,21,8,413,207
Redefining-pest-management-in-agriculture.txt,Best-Practices,824,42,37,824,360
Relay-Cropping-in-Vegetables-Cultivation.txt,Best-Practices,316,9,21,316,175
Seed-production-of-Pabda-in-the-farmer’s-field.txt,Best-Practices,1038,53,59,1038,497
Self-reliant---economically-and-nutritionally.txt,Best-Practices,1198,26,610,1198,494
Short-Duration-Banana-Ratooning.txt,Best-Practices,418,18,27,418,252
Strip-crop---A-ray-of-hope-for-dry-land-farmers.txt,Best-Practices,999,50,28,999,446
Sunflower-Plant-for-Staking-Tomato.txt,Best-Practices,222,9,19,222,141
System-of-Rice-Intensification-(SRI).txt,Best-Practices,2099,89,177,2099,777
The-Neem-Project.txt,Best-Practices,499,25,27,499,267
Tractor-Driven-Onion-Transplanter.txt,Best-Practices,707,31,37,707,354
Traditional-knowledge-helps-drought-proofing.txt,Best-Practices,1251,65,37,1251,543
Tree-Climber.txt,Best-Practices,770,36,28,770,345
Turmeric-Ginger-Planter.txt,Best-Practices,285,11,45,285,172
Water-for-life-and-livelihood.txt,Best-Practices,357,18,4,357,192
Zero-budget-natural-farming-in-Andhra-Pradesh.txt,Best-Practices,620,23,28,620,292
Zero-tillage-Zero-worries.txt,Best-Practices,747,36,31,747,332
‘Ratti-gadu’-was-called-as-Ratna-Reddy-with-N.P.M..txt,Best-Practices,508,31,21,508,247
Abroma-augusta-.txt,Crop-Production,1117,59,87,1117,486
Acid-lime-crop-in-foothills-of--Arunachal-Pradesh.txt,Crop-Production,948,47,51,948,410
Aconitum-balfourii-.txt,Crop-Production,1722,76,99,1722,618
Aconitum-heterophyllum.txt,Crop-Production,1853,91,80,1853,683
Aegle-marmelos.txt,Crop-Production,806,45,59,806,401
AESA-based-IPM.txt,Crop-Production,3612,184,196,3612,1078
Agro-climatic-zones-in-India.txt,Crop-Production,776,25,58,776,307
Allelobiosis-.txt,Crop-Production,1619,80,73,1619,601
Alpinia-galanga.txt,Crop-Production,1089,52,77,1089,472
Alstonia-scholaris.txt,Crop-Production,1500,66,73,1500,620
Alternate-bearing-in-Apple-and-its-management.txt,Crop-Production,616,24,36,616,285
Alternate-bearing-in-mango-and-its-management.txt,Crop-Production,534,20,25,534,293
Amla-Beneficial-insects.txt,Crop-Production,31,1,17,31,26
Amla-Crop-Stage-Wise-IPM.txt,Crop-Production,1280,50,277,1280,530
Amla-Diseases-.txt,Crop-Production,285,13,46,285,169
Amla-Insect-Pests.txt,Crop-Production,1165,61,151,1165,500
Amla-pests.txt,Crop-Production,273,6,61,273,157
Amla.txt,Crop-Production,1471,52,166,1471,685
Andrographis-paniculata.txt,Crop-Production,1065,61,95,1065,476
Angelica-glauca.txt,Crop-Production,943,50,92,943,456
Aonla-in-foothills-of-Arunachal-Pradesh.txt,Crop-Production,1110,60,63,1110,540
Apple--Crop-Stage-wise-IPM.txt,Crop-Production,2222,50,159,2222,694
Apple--Diseases-and-Symptoms.txt,Crop-Production,2002,103,225,2002,669
Apple--Natural-Enemies.txt,Crop-Production,486,12,64,486,176
Apple-Insect-and-Mite-Management.txt,Crop-Production,3710,225,129,3710,1091
Apple-Pests-.txt,Crop-Production,548,23,80,548,273
Apple-production-techniques.txt,Crop-Production,1908,105,86,1908,726
Applications-of-Super-Absorbent-Polymers-in-Agriculture.txt,Crop-Production,1295,51,127,1295,569
Apricot-Beneficial-Insects.txt,Crop-Production,34,1,23,34,29
Apricot-Crop-Stage-Wise-IPM.txt,Crop-Production,2018,95,349,2018,794
Apricot-Diseases.txt,Crop-Production,1561,81,148,1561,578
Apricot-Insect-Pests.txt,Crop-Production,3093,178,183,3093,953
Apricot-pests.txt,Crop-Production,487,16,74,487,266
Aquilaria-malaccensis.txt,Crop-Production,955,56,93,955,492
Arecanut-and-its-alternative-uses.txt,Crop-Production,1953,95,70,1953,762
Arecanut-Beneficial-Insects.txt,Crop-Production,26,1,17,26,22
Arecanut-Crop-Stage-Wise--IPM.txt,Crop-Production,1480,62,248,1480,580
Arecanut-Diseases-.txt,Crop-Production,765,40,91,765,335
Arecanut-Insect-Pests.txt,Crop-Production,1614,81,134,1614,576
Arecanut-Pests.txt,Crop-Production,553,17,94,553,282
Arecanut.txt,Crop-Production,3306,184,169,3306,1086
Aristolochia-indica.txt,Crop-Production,849,52,84,849,445
Asparagus-adscendens-.txt,Crop-Production,941,55,93,941,457
Asparagus-racemosus-.txt,Crop-Production,1541,80,76,1541,622
Bacopa-monnieri.txt,Crop-Production,1402,62,93,1402,595
Baliospermum-montanum.txt,Crop-Production,1281,68,92,1281,515
Banana--Crop-Stage-wise-IPM.txt,Crop-Production,2134,89,116,2134,727
Banana--Diseases-and-Symptoms.txt,Crop-Production,1047,41,150,1047,445
Banana--Insect-and-Mite-Management.txt,Crop-Production,1299,84,140,1299,524
Banana--Natural-Enemies.txt,Crop-Production,426,9,42,426,141
Banana-Pests-.txt,Crop-Production,583,14,83,583,288
Banana-pests-management-in-Mizoram.txt,Crop-Production,874,47,91,874,355
Banana.txt,Crop-Production,5735,282,952,5735,1683
Barley.txt,Crop-Production,1025,36,174,1025,456
Barnyard-millet-.txt,Crop-Production,324,15,111,324,188
Beneficial-insects-of-Clove-.txt,Crop-Production,79,17,21,79,55
Beneficial-insects-of-Horsegram.txt,Crop-Production,26,1,17,26,22
Beneficial-insects-of-Moth-bean-.txt,Crop-Production,30,2,17,30,25
Beneficial-insects-of-Passion-fruit.txt,Crop-Production,29,1,15,29,23
Benefits-of-Balanced-Fertilization-in-Cultivation-of-Broccoli.txt,Crop-Production,1029,42,57,1029,447
Ber-Beneficial-Insects.txt,Crop-Production,37,1,21,37,30
Ber-Crop-Stage-Wise-IPM.txt,Crop-Production,1640,80,323,1640,676
Ber-Diseases.txt,Crop-Production,1160,68,127,1160,350
Ber-Insect-and-Mite-Pests.txt,Crop-Production,1777,108,140,1777,630
Ber-Pests.txt,Crop-Production,460,15,76,460,241
Ber.txt,Crop-Production,1228,85,108,1228,554
Bergenia-ciliata.txt,Crop-Production,1479,69,96,1479,640
Betelivine-Pests.txt,Crop-Production,395,11,71,395,217
Betelvine-Beneficial-insects.txt,Crop-Production,25,1,15,25,23
Betelvine-Crop-Stage-Wise-IPM.txt,Crop-Production,1522,70,282,1522,633
Betelvine-Diseases.txt,Crop-Production,708,36,120,708,282
Betelvine-Insect-Pests.txt,Crop-Production,2402,123,192,2402,857
Betelvine-Nutrient-deficiencies.txt,Crop-Production,39,4,7,39,32
Bhendi-.txt,Crop-Production,1584,88,91,1584,626
Bhut-Jolokia-.txt,Crop-Production,1306,57,72,1306,579
Biological-Control-of-Parthenium.txt,Crop-Production,1653,83,75,1653,695
Bitter-Gourd.txt,Crop-Production,2380,136,212,2380,893
Black-Pepper--Crop-Stage-wise-IPM.txt,Crop-Production,1867,85,114,1867,707
Black-Pepper--Diseases-and-Symptoms.txt,Crop-Production,1177,63,127,1177,438
Black-Pepper-Pests.txt,Crop-Production,350,19,67,350,192
Black-Pepper.txt,Crop-Production,3560,159,124,3560,1071
Blackgram-_-Greengram--Natural-Enemies.txt,Crop-Production,112,1,26,112,71
Blackgram-_-Greengram-Pests-.txt,Crop-Production,521,6,81,521,268
Blackgram.txt,Crop-Production,1094,54,89,1094,511
Boswellia-serrata-.txt,Crop-Production,769,44,94,769,409
Brinjal.txt,Crop-Production,2205,101,119,2205,801
Broccoli-beneficial-insects.txt,Crop-Production,32,2,21,32,26
Broccoli-Crop-Stage-Wise-IPM.txt,Crop-Production,1716,91,315,1716,686
Broccoli-Diseases.txt,Crop-Production,859,26,151,859,368
Broccoli-Insect-Pests.txt,Crop-Production,4341,223,286,4341,1198
Broccoli-Pests.txt,Crop-Production,417,18,71,417,241
Cabbage-.txt,Crop-Production,1493,79,85,1493,573
Cabbage-and-Cauliflower-diseases.txt,Crop-Production,1038,36,176,1038,429
Cabbage-and-Cauliflower-Pests.txt,Crop-Production,657,22,89,657,272
Caesalpinia-sappan-.txt,Crop-Production,1084,55,91,1084,493
Cardamom.txt,Crop-Production,7265,354,482,7265,1827
Carnation.txt,Crop-Production,2812,179,504,2812,1047
Castor--Crop-stage-wise-IPM.txt,Crop-Production,1873,48,108,1873,588
Castor--Diseases-and-Symptoms.txt,Crop-Production,818,41,103,818,337
Castor--Insect-Pests-Management.txt,Crop-Production,2453,130,202,2453,671
Castor--Natural-Enemies.txt,Crop-Production,120,2,35,120,68
Castor-Pests-.txt,Crop-Production,358,11,62,358,183
Catharanthus-roseus.txt,Crop-Production,1593,78,92,1593,621
Cauliflower.txt,Crop-Production,1981,98,200,1981,747
Centella-asiatica.txt,Crop-Production,622,40,86,622,329
Cherry--Crop-Stage-Wise-IPM.txt,Crop-Production,2261,119,393,2261,840
Cherry-Beneficial-insects.txt,Crop-Production,27,1,19,27,23
Cherry-Diseases.txt,Crop-Production,1207,59,159,1207,472
Cherry-Insect-Pests.txt,Crop-Production,1488,80,109,1488,586
Cherry-Pests.txt,Crop-Production,474,24,72,474,249
Chick-pea.txt,Crop-Production,528,16,98,528,276
Chill-Crop-stage-wise-IPM.txt,Crop-Production,3196,69,266,3196,760
Chilli-Diseases.txt,Crop-Production,1573,44,229,1573,591
Chilli-insect-pests.txt,Crop-Production,1285,70,150,1285,553
Chilli-Pests.txt,Crop-Production,446,22,80,446,222
Chillies.txt,Crop-Production,3378,145,239,3378,1260
Chlorophytum-arundinaceum.txt,Crop-Production,732,41,89,732,389
Cineraria-maritime.txt,Crop-Production,1201,64,96,1201,519
Cinnamon.txt,Crop-Production,1968,103,83,1968,700
Citrus--Crop-stage-wise-IPM.txt,Crop-Production,2052,81,99,2052,757
Citrus--Diseases-and-Symptoms.txt,Crop-Production,1104,56,135,1104,475
Citrus--Insect-and-Nematode-Pests-Management.txt,Crop-Production,2645,142,120,2645,885
Citrus--Natural-Enemies.txt,Crop-Production,305,6,45,305,123
Citrus-Pests-.txt,Crop-Production,618,10,81,618,278
Clerodendrum-indicum-.txt,Crop-Production,1336,69,96,1336,563
Clerodendrum-serratum.txt,Crop-Production,659,39,96,659,323
Climate-change-driven-pest-management-strategies.txt,Crop-Production,1672,69,80,1672,633
Clove-Crop-Stage-Wise-IPM.txt,Crop-Production,952,62,242,952,418
Clove-Diseases.txt,Crop-Production,352,22,54,352,174
Clove-Insect-pests.txt,Crop-Production,1032,55,90,1032,424
Clove-Pests.txt,Crop-Production,254,15,47,254,149
Clove.txt,Crop-Production,1605,77,61,1605,639
Cluster-bean.txt,Crop-Production,669,28,57,669,346
Clusterbean.txt,Crop-Production,3099,178,171,3099,892
Cocoa.txt,Crop-Production,1777,86,117,1777,665
Coconut--Crop-Stage-wise-IPM.txt,Crop-Production,1417,62,75,1417,513
Coconut--Diseases-and-Symptoms.txt,Crop-Production,593,34,55,593,255
"Coconut--Insect,-Mite-and-Nematode-Pests.txt",Crop-Production,1209,59,115,1209,528
Coconut--Natural-Enemies.txt,Crop-Production,64,1,32,64,45
Coconut-cultivation-in-Kerala.txt,Crop-Production,967,45,31,967,395
Coconut-cultivation-practices.txt,Crop-Production,4552,256,431,4552,1461
Coconut-Pests-.txt,Crop-Production,356,5,72,356,204
Coconut.txt,Crop-Production,776,49,97,776,362
Coffee-Beneficial-Insects.txt,Crop-Production,25,1,13,25,21
Coffee-Crop-Stage-Wise-IPM.txt,Crop-Production,2104,90,362,2104,813
Coffee-Diseases.txt,Crop-Production,894,48,127,894,367
Coffee-Nutritional-Deficiencies.txt,Crop-Production,861,36,92,861,355
Coffee-Pests.txt,Crop-Production,430,15,71,430,223
Coffee.txt,Crop-Production,4143,170,256,4143,1363
Colchicum-luteum-.txt,Crop-Production,1012,60,90,1012,448
Coleus-barbatus-.txt,Crop-Production,1189,65,87,1189,493
Commiphora-wightii.txt,Crop-Production,1372,62,94,1372,575
Components-of-IPM.txt,Crop-Production,1686,97,111,1686,624
Comprehensive-Weather-Reports.txt,Crop-Production,375,18,37,375,178
Coriander-Beneficial-insects-.txt,Crop-Production,33,1,23,33,28
Coriander-Crop-Stage-Wise-IPM.txt,Crop-Production,1068,54,167,1068,450
Coriander-Diseases.txt,Crop-Production,643,33,96,643,283
Coriander-Insect-Pests.txt,Crop-Production,2225,114,156,2225,832
Coriander-Pests.txt,Crop-Production,259,11,56,259,160
Cotton.txt,Crop-Production,320,13,26,320,172
Cowpea.txt,Crop-Production,1841,80,138,1841,700
Crataegus-oxyacantha-.txt,Crop-Production,1120,67,151,1120,507
Critical-factors-to-be-considered-for-selection-of-crops.txt,Crop-Production,900,67,112,900,344
Crop-regulation-in-guava.txt,Crop-Production,585,27,26,585,264
Crop-stage-wise-IPM-for-Curry-Leaf.txt,Crop-Production,789,29,138,789,382
Cropping-systems-involving-pulses.txt,Crop-Production,2226,77,161,2226,837
Cucurbitaceous-Vegetable-Diseases.txt,Crop-Production,705,14,128,705,343
Cucurbitaceous-Vegetable-Pests-.txt,Crop-Production,440,12,58,440,211
Cultivation-of-large-cardamon-in-Sikkim.txt,Crop-Production,2978,151,112,2978,1000
Cumin--Diseases-and-Symptoms.txt,Crop-Production,587,25,78,587,282
Cumin--Insect-and-Nematode-Pests-Management.txt,Crop-Production,2014,113,130,2014,711
Cumin--Natural-Enemies-.txt,Crop-Production,75,1,32,75,43
Cumin-Crop-Stage-wise-IPM.txt,Crop-Production,1332,34,85,1332,504
Cumin-Pests-.txt,Crop-Production,338,11,62,338,194
Curry-Leaf-Pests.txt,Crop-Production,291,12,52,291,166
Curryleaf-Pests-and-Diseases.txt,Crop-Production,951,46,119,951,402
Custard-Apple--Crop-stage-wise-IPM.txt,Crop-Production,1927,90,134,1927,623
Custard-Apple-Diseases-.txt,Crop-Production,552,26,77,552,284
Custard-Apple-Insect-management.txt,Crop-Production,802,43,76,802,387
Custard-Apple-Pests.txt,Crop-Production,319,16,63,319,196
Desert-Locust-damage-in-India.txt,Crop-Production,1358,50,58,1358,526
Diseases-of-Litchi-and-their-management.txt,Crop-Production,1268,68,56,1268,498
Dragon-Fruit.txt,Crop-Production,1858,93,82,1858,762
Drought-Management.txt,Crop-Production,731,33,56,731,322
Drumstick-Crop-Stage-Wise-IPM.txt,Crop-Production,595,19,107,595,323
Drumstick-Insect-Pests.txt,Crop-Production,437,26,71,437,220
Drumstick-Pests.txt,Crop-Production,328,13,59,328,176
Ecological-Engineering-for-Pest-Management.txt,Crop-Production,489,20,41,489,255
Effects-of-climate-change-on-insect-pests-dynamics.txt,Crop-Production,2091,103,53,2091,797
Fall-Armyworm-.txt,Crop-Production,959,53,68,959,454
FAQs-on-locusts.txt,Crop-Production,1814,85,109,1814,646
Fennel--Crop-stage-wise-IPM.txt,Crop-Production,1295,38,98,1295,513
Fennel--Diseases-and-Symptoms.txt,Crop-Production,888,42,140,888,349
Fennel--Insect-Pests-Management.txt,Crop-Production,1684,104,107,1684,603
Fennel--Natural-Enemies.txt,Crop-Production,90,3,32,90,55
Fennel-Pests.txt,Crop-Production,285,13,53,285,174
Fenugreek-Beneficial-Insects.txt,Crop-Production,35,1,23,35,29
Fenugreek-Crop-Stage-Wise-IPM.txt,Crop-Production,966,47,234,966,385
Fenugreek-Insect-Pests.txt,Crop-Production,1322,77,120,1322,560
Fenugreek-Pests.txt,Crop-Production,321,11,51,321,190
Fenugreek.txt,Crop-Production,1889,86,309,1889,623
Field-Pea.txt,Crop-Production,768,37,108,768,394
Fig-Crop-Stage-Wise-IPM.txt,Crop-Production,1920,81,421,1920,777
Fig-Diseases.txt,Crop-Production,1294,71,184,1294,464
Fig-insect-pests.txt,Crop-Production,1806,82,151,1806,701
Fig-Pests.txt,Crop-Production,499,15,84,499,249
Fig.txt,Crop-Production,1807,87,147,1807,726
Foxtail-millet--.txt,Crop-Production,587,26,142,587,291
French-Beans.txt,Crop-Production,1526,82,141,1526,682
From-Green-to-MICROGREEN--Changing-tastes-of-human-menu.txt,Crop-Production,910,35,41,910,440
Garden-Lablab.txt,Crop-Production,740,43,64,740,377
Garlic--Crop-Stage-wise-IPM.txt,Crop-Production,2162,120,102,2162,684
Garlic--Diseases-and-Symptoms.txt,Crop-Production,1407,75,197,1407,494
Garlic--Insect-and-Mite-Pests-Management.txt,Crop-Production,1682,102,97,1682,618
Garlic--Natural-Enemies.txt,Crop-Production,825,26,45,825,248
Garlic--Nutritional-Deficiencies-Disorders.txt,Crop-Production,906,53,45,906,375
Garlic-Pests-.txt,Crop-Production,592,26,87,592,288
Gerbera.txt,Crop-Production,1724,92,121,1724,696
Ginger--Crop-Stage-wise-IPM.txt,Crop-Production,1726,72,90,1726,550
Ginger--Diseases-and-Symptoms.txt,Crop-Production,984,54,136,984,358
Ginger--Insect-and-Nematode-Pests-Management.txt,Crop-Production,1252,76,130,1252,495
Ginger--Natural-Enemies.txt,Crop-Production,507,20,42,507,250
Ginger-Pests.txt,Crop-Production,470,25,85,470,246
Ginger.txt,Crop-Production,4956,216,337,4956,1491
Grapes--Crop-Stage-wise-IPM.txt,Crop-Production,3574,132,209,3574,1064
Grapes--Diseases-and-Symptoms.txt,Crop-Production,1997,119,242,1997,559
Grapes--Insect-Pests-Management.txt,Crop-Production,3029,160,219,3029,1018
Grapes-Pests.txt,Crop-Production,538,20,87,538,284
Grapes.txt,Crop-Production,3406,179,458,3406,1075
Green-SIM-cards-for-farmers.txt,Crop-Production,250,19,19,250,146
Guava--Crop-Stage-wise-IPM.txt,Crop-Production,2096,91,96,2096,678
Guava--Diseases-and-symptoms.txt,Crop-Production,1363,79,150,1363,522
Guava--Insect-and-Pest-Management.txt,Crop-Production,1515,84,152,1515,620
Guava-Pests.txt,Crop-Production,563,25,94,563,298
Guava-production-practices.txt,Crop-Production,1010,15,87,1010,480
Horse-gram.txt,Crop-Production,1207,64,105,1207,539
Horsegram-Crop-Stage-Wise-IPM.txt,Crop-Production,564,27,153,564,283
Horsegram-Diseases.txt,Crop-Production,834,39,118,834,355
Horsegram-Insect-Pests.txt,Crop-Production,572,24,58,572,309
Horsegram-Pests.txt,Crop-Production,240,14,49,240,153
Hybrids-and-varieties-of-grain-sorghum-for-kharif.txt,Crop-Production,938,22,353,938,374
ICAR-Agro-advisory-for-Kharif-.txt,Crop-Production,215,9,17,215,129
ICAR-Rabi-season-Agro-Advisory-for-Arunachal-Pradesh.txt,Crop-Production,3325,185,172,3325,1109
ICAR-Rabi-season-Agro-Advisory-for-Assam.txt,Crop-Production,2177,111,101,2177,726
ICAR-Rabi-season-Agro-Advisory-for-Chattisgarh.txt,Crop-Production,4899,238,188,4899,1417
ICAR-Rabi-season-Agro-Advisory-for-Himachal-Pradesh.txt,Crop-Production,3457,120,120,3457,1029
ICAR-Rabi-season-Agro-Advisory-for-Jharkhand.txt,Crop-Production,3227,151,142,3227,1213
ICAR-Rabi-season-Agro-Advisory-for-Karnataka.txt,Crop-Production,3900,161,241,3900,1246
ICAR-Rabi-season-Agro-Advisory-for-Kerala.txt,Crop-Production,2570,124,114,2570,872
ICAR-Rabi-season-Agro-Advisory-for-Ladakh.txt,Crop-Production,1454,64,175,1454,681
ICAR-Rabi-season-Agro-Advisory-for-Lakshadweep-Islands.txt,Crop-Production,929,51,52,929,443
ICAR-Rabi-season-Agro-Advisory-for-Maharashtra.txt,Crop-Production,3249,156,136,3249,915
ICAR-Rabi-season-Agro-Advisory-for-Manipur.txt,Crop-Production,2638,120,158,2638,1031
ICAR-Rabi-season-Agro-Advisory-for-Meghalaya.txt,Crop-Production,2366,121,155,2366,953
ICAR-Rabi-season-Agro-Advisory-for-Nagaland.txt,Crop-Production,1750,67,103,1750,697
ICAR-Rabi-season-Agro-Advisory-for-Odisha.txt,Crop-Production,2819,133,175,2819,921
ICAR-Rabi-season-Agro-Advisory-for-Punjab.txt,Crop-Production,3295,128,216,3295,926
ICAR-Rabi-season-Agro-Advisory-for-Sikkim.txt,Crop-Production,1334,66,106,1334,525
ICAR-Rabi-season-Agro-Advisory-for-Telangana.txt,Crop-Production,4016,189,168,4016,1162
ICAR-Rabi-season-Agro-Advisory-for-Tripura.txt,Crop-Production,2194,101,114,2194,749
ICAR-Rabi-season-Agro-Advisory-for-Uttarakhand.txt,Crop-Production,3068,134,148,3068,984
ICAR-Rabi-season-Agro-Advisory-for-West-Bengal.txt,Crop-Production,2617,126,148,2617,920
ICAR-Rabi-season-Agro-Advisory-Mizoram.txt,Crop-Production,1975,96,129,1975,766
Identification-and-Management-of-Fall-Armyworm-.txt,Crop-Production,2067,111,161,2067,782
INM-for-Sugarcane.txt,Crop-Production,437,16,24,437,199
INM-in-Maize.txt,Crop-Production,873,40,78,873,425
Insect-Pest-of-Bael-in-Hot-Arid-Region.txt,Crop-Production,434,26,49,434,258
Insect-pest-of-Ber-in-Hot-Arid-Region.txt,Crop-Production,2604,132,218,2604,943
Insect-Pest-of-Citrus-in-Hot-Arid-Region.txt,Crop-Production,329,21,43,329,197
Insect-Pest-of-Ker-in-Hot-Arid-Region.txt,Crop-Production,254,12,26,254,150
Insect-Pest-of-Kinnow-in-Hot-Arid-Region.txt,Crop-Production,210,12,27,210,131
Insect-Pest-of-Lasora-in-Hot-Arid-Region.txt,Crop-Production,304,16,29,304,167
Insect-Pest-os-Aonla-in-Hot-Arid-Region.txt,Crop-Production,186,12,33,186,130
Insect-Pests-of-Date-Palm-in-Arid-Region.txt,Crop-Production,565,25,50,565,286
Insect-pests-of-linseed-and-their-seasonal-incidence-.txt,Crop-Production,1168,53,69,1168,498
Insect-pests-of-tree-spices-and-their-management.txt,Crop-Production,1573,87,136,1573,475
Integrated-Parthenium-Management.txt,Crop-Production,1269,68,83,1269,552
Inter-cultivation-of-ornamentals-in-coconut-gardens.txt,Crop-Production,1456,79,47,1456,568
IPM-for-sunflower.txt,Crop-Production,3302,192,215,3302,1125
IPM-practices-for-insect-pests-in-Castor.txt,Crop-Production,741,23,52,741,325
IPM-Strategies-for-Brinjal.txt,Crop-Production,1095,56,104,1095,540
IPM-Strategies-for-Okra.txt,Crop-Production,777,38,85,777,394
Jack-Fruit-Diseases-.txt,Crop-Production,657,33,86,657,311
JackFruit-Beneficial-insects.txt,Crop-Production,33,1,19,33,28
Jackfruit-Crop-Stage-Wise-IPM.txt,Crop-Production,1410,64,276,1410,565
Jackfruit-Insect-Pests.txt,Crop-Production,1907,96,162,1907,695
Jackfruit-Pests.txt,Crop-Production,451,16,71,451,218
Jamun.txt,Crop-Production,841,54,43,841,375
Jasmine.txt,Crop-Production,1826,94,114,1826,695
Kinnow-Diseases.txt,Crop-Production,1245,59,56,1245,535
Kinnow-Insect-Pests.txt,Crop-Production,1723,92,108,1723,646
Kiwi-Beneficial-Insects.txt,Crop-Production,29,1,15,29,25
Kiwi-Crop-Stage-Wise-IPM.txt,Crop-Production,1302,56,239,1302,579
Kiwi-Diseases.txt,Crop-Production,632,31,99,632,292
Kiwi-Insect--Pests.txt,Crop-Production,1768,100,149,1768,687
Kiwi-Pests.txt,Crop-Production,405,11,66,405,213
Kodo-millet.txt,Crop-Production,718,37,86,718,339
Lablab-Beneficial-Insects.txt,Crop-Production,32,1,19,32,27
Lablab-Crop-Stage-Wise-IPM.txt,Crop-Production,1279,47,248,1279,551
Lablab-Diseases.txt,Crop-Production,981,57,129,981,408
Lablab-Insect-Pests.txt,Crop-Production,2144,110,200,2144,759
Lablab-Pests.txt,Crop-Production,328,10,54,328,185
Large-cardamom---Diseases-and-Symptoms.txt,Crop-Production,492,23,66,492,234
Large-cardamom--Crop-Stage-wise-IPM.txt,Crop-Production,1372,60,94,1372,521
Large-cardamom-Pests.txt,Crop-Production,506,15,82,506,244
Lathyrus.txt,Crop-Production,983,55,74,983,459
Lentil-(Rabi)-.txt,Crop-Production,1157,58,103,1157,508
Lentil-Benificial-Insects.txt,Crop-Production,27,1,17,27,23
Lentil-Crop-Stage-Wise-IPM.txt,Crop-Production,691,23,182,691,323
Lentil-Diseases.txt,Crop-Production,1012,47,135,1012,399
Lentil-Insect-Pests.txt,Crop-Production,990,61,94,990,435
Lentil-Pests.txt,Crop-Production,373,16,59,373,206
Linseed.txt,Crop-Production,1446,82,69,1446,601
Litchi--Integrated-Management-of-Litchi-Mite.txt,Crop-Production,457,21,34,457,237
Litchi--Management-of-Fruit-and-Shoot-Borer.txt,Crop-Production,736,28,45,736,339
Litchi--Package-of-Practices-for-Organic-Litchi-Production.txt,Crop-Production,2456,105,106,2456,881
Litchi-Beneficial-insects.txt,Crop-Production,28,1,15,28,24
Litchi-crop-stage-wise-IPM-.txt,Crop-Production,1858,89,311,1858,724
Litchi-Diseases.txt,Crop-Production,362,21,39,362,194
Litchi-Insect-Pests.txt,Crop-Production,1273,56,104,1273,512
Litchi-Pests.txt,Crop-Production,406,23,70,406,189
Litchi-production-practices-in-Nagaland.txt,Crop-Production,1763,89,136,1763,736
Little-Millet.txt,Crop-Production,410,14,104,410,223
Locust-Control-And-Plant-Protection.txt,Crop-Production,946,33,145,946,453
Loquat-Beneficial-Insects.txt,Crop-Production,30,1,19,30,27
Loquat-Crop-Stage-Wise-IPM.txt,Crop-Production,1405,64,250,1405,581
Loquat-Diseases.txt,Crop-Production,1204,58,181,1204,493
Loquat-Insect-Pests.txt,Crop-Production,2161,115,177,2161,845
Loquat-Pests.txt,Crop-Production,429,19,66,429,236
Maize.txt,Crop-Production,312,14,15,312,175
Major-Insect-Pests-of-Sesame-and-their-Management.txt,Crop-Production,825,43,68,825,354
Management-of-Storage-Insect-Pests.txt,Crop-Production,1179,50,52,1179,490
Management-practices-for-Kinnow-Pests.txt,Crop-Production,991,47,59,991,391
Managing-Fruit-Borers-of-Litchi.txt,Crop-Production,653,31,43,653,335
Mandarin-cultivation-in-Arunachal-Pradesh.txt,Crop-Production,75,3,13,75,55
Mango---pests.txt,Crop-Production,588,17,68,588,283
Mango--Crop-stage-wise-IPM.txt,Crop-Production,2394,95,115,2394,856
Mango--Diseases-and-symptoms.txt,Crop-Production,1735,88,190,1735,590
Mango--Insect-and-pest-management.txt,Crop-Production,2719,128,201,2719,923
Mating-disruption-technology-for-management-of-insect-pests.txt,Crop-Production,1741,73,67,1741,648
Mesta-.txt,Crop-Production,2577,137,122,2577,825
Ministry-of-Earth-Sciences-Mobile-App--Mausam-.txt,Crop-Production,314,13,25,314,171
Mint-Beneficial-Insects.txt,Crop-Production,25,1,15,25,22
Mint-Crop-Stage-Wise-IPM.txt,Crop-Production,933,46,205,933,410
Mint-Diseases.txt,Crop-Production,761,36,140,761,320
Mint-Insect-Pests.txt,Crop-Production,1392,76,139,1392,544
Mint-Pests.txt,Crop-Production,367,16,62,367,219
Moisture-stress-management-in-Horticulture-crops.txt,Crop-Production,1817,86,66,1817,648
Monoecious-mechanisms-in-Castor-(Ricinus-communis-L.).txt,Crop-Production,1525,74,61,1525,583
Month-wise-activities-for-orchards.txt,Crop-Production,50,3,25,50,45
Moth-bean-Crop-Stage-Wise-IPM.txt,Crop-Production,739,36,183,739,323
Moth-bean-Diseases.txt,Crop-Production,717,43,96,717,295
Moth-bean-Insect-pests.txt,Crop-Production,1113,50,112,1113,503
Moth-bean-Pests.txt,Crop-Production,309,11,58,309,171
Mustard--Crop-Stage-wise-IPM.txt,Crop-Production,1998,89,129,1998,648
Mustard--Diseases-and-Symptoms.txt,Crop-Production,797,40,125,797,317
Mustard--Insect-Pests-Management.txt,Crop-Production,1293,81,123,1293,494
Mustard--Natural-Enemies.txt,Crop-Production,534,15,50,534,230
Mustard-and-Rapeseed.txt,Crop-Production,1615,86,101,1615,641
Mustard-Pests.txt,Crop-Production,353,12,66,353,197
Nagpur-Mandarin-.txt,Crop-Production,2261,95,148,2261,894
Natural-Enemies-of-Fig-Insect-Pests.txt,Crop-Production,22,1,11,22,19
Niger-.txt,Crop-Production,1061,58,121,1061,487
Nursery-Management.txt,Crop-Production,474,23,30,474,249
Nutmeg.txt,Crop-Production,1905,99,85,1905,723
Nutrient-Deficiences-of-sunflower.txt,Crop-Production,424,34,39,424,222
Nutrient-Deficiency-Symptoms-in-Peach.txt,Crop-Production,348,26,49,348,169
Nutrient-disorders-in-Apricot.txt,Crop-Production,336,23,33,336,185
Nutritional-Deficiencies-Disorders-of-Banana.txt,Crop-Production,590,32,73,590,229
Nutritional-Deficiencies-Disorders-of-Castor.txt,Crop-Production,437,21,33,437,209
Nutritional-Deficiencies-Disorders-of-Citrus.txt,Crop-Production,500,33,61,500,216
Nutritional-Deficiencies-Disorders-of-Coconut.txt,Crop-Production,947,65,69,947,375
Nutritional-Deficiencies-Disorders-of-Fennel.txt,Crop-Production,436,24,47,436,204
Nutritional-Deficiencies-Disorders-of-Ginger.txt,Crop-Production,217,11,27,217,129
Nutritional-Deficiencies-Disorders-of-Onion.txt,Crop-Production,898,55,55,898,369
Nutritional-deficiencies-of-Custard-Apple.txt,Crop-Production,1078,82,82,1078,328
Nutritional-Deficiencies-of-Grapes.txt,Crop-Production,674,27,124,674,314
Nutritional-deficiencies-of-Guava.txt,Crop-Production,458,31,49,458,207
Nutritional-deficiencies-of-Mango.txt,Crop-Production,532,33,82,532,265
Nutritional-Deficiencies-of-Oilpalm.txt,Crop-Production,949,44,47,949,359
Nutritional-Deficiencies-of-Papaya.txt,Crop-Production,349,25,49,349,165
Nutritional-Deficiencies-of-Pine-Apple.txt,Crop-Production,364,22,61,364,180
Nutritional-Deficiencies-of-Tobacco.txt,Crop-Production,273,18,31,273,148
Nutritional-Deficiencies-of-Tomato.txt,Crop-Production,1076,64,79,1076,359
Nutritional-Deficiencies-of-Wheat.txt,Crop-Production,278,15,19,278,145
Nutritional-Disorders-of-JackFruit.txt,Crop-Production,137,13,51,137,85
Oil-palm-cultivation-practices.txt,Crop-Production,1842,102,97,1842,729
Oil-seeds.txt,Crop-Production,403,17,29,403,193
Oilpalm-Beneficial-Insects.txt,Crop-Production,26,1,13,26,23
Oilpalm-Crop-Stage-Wise-IPM.txt,Crop-Production,2373,68,324,2373,823
Oilpalm-Insect-Pests.txt,Crop-Production,1267,66,119,1267,530
Oilpalm-Pests.txt,Crop-Production,441,6,74,441,241
Onion--Crop-Stage-wise-IPM.txt,Crop-Production,2565,133,105,2565,762
Onion--Diseases-and-Symptoms.txt,Crop-Production,1656,93,234,1656,521
Onion--Insect-and-Mite-Pests-Management.txt,Crop-Production,1681,98,95,1681,613
Onion--Pests.txt,Crop-Production,617,26,88,617,293
Onion-Natural-Enemies.txt,Crop-Production,830,26,45,830,250
Onion.txt,Crop-Production,3277,162,349,3277,980
Online-_-Mobile-based-services.txt,Crop-Production,244,9,30,244,143
Organic-Farming.txt,Crop-Production,2911,141,64,2911,1038
Organic-production-practices-of-King-Chilli.txt,Crop-Production,776,40,74,776,377
Organic-strategies-to-control-mango-malformation.txt,Crop-Production,1301,48,65,1301,566
Ornamental-bananas.txt,Crop-Production,3563,167,218,3563,1104
Overview-about-Locusts.txt,Crop-Production,1023,48,67,1023,459
Overview-of-farm-machinery-for-Millets-in-India.txt,Crop-Production,2026,77,234,2026,784
Papaya---Diseases-and-Symptoms.txt,Crop-Production,876,54,104,876,397
Papaya--Crop-Stage-wise-IPM.txt,Crop-Production,2405,126,114,2405,796
Papaya-Pests.txt,Crop-Production,473,21,84,473,246
Papaya.txt,Crop-Production,118,5,9,118,78
Passion-Fruit---Crop-Stage-Wise--IPM.txt,Crop-Production,1114,58,214,1114,464
Passion-Fruit-Diseases.txt,Crop-Production,1569,90,138,1569,546
Passion-Fruit-Insect-and-Mite-Pests.txt,Crop-Production,1800,103,114,1800,681
Passion-Fruit-Pests.txt,Crop-Production,465,23,61,465,255
Pea-Beneficial-insects.txt,Crop-Production,27,1,17,27,21
Pea-Crop-Stage-Wise-IPM.txt,Crop-Production,1353,57,247,1353,552
Pea-Diseases.txt,Crop-Production,1176,61,186,1176,449
Pea-Insect-Pests.txt,Crop-Production,1214,62,140,1214,515
Pea-Pests.txt,Crop-Production,514,33,91,514,259
Peach-Beneficial--Insects.txt,Crop-Production,35,1,23,35,29
Peach-Crop-Stage-Wise-IPM-.txt,Crop-Production,2521,109,465,2521,908
Peach-cultivation.txt,Crop-Production,986,49,99,986,483
Peach-Insect-Pests.txt,Crop-Production,2962,165,189,2962,943
Peach-Pests-.txt,Crop-Production,676,24,84,676,342
Pear-Beneficial-Insects.txt,Crop-Production,35,1,17,35,29
Pear-Crop-Stage-Wise-IPM.txt,Crop-Production,2158,109,301,2158,797
Pear-Diseases.txt,Crop-Production,1763,92,188,1763,627
Pear-Insect-Pests.txt,Crop-Production,2654,153,168,2654,915
Pear-Pests.txt,Crop-Production,628,21,92,628,311
Pearl-millet---Crop-Stage-Wise-IPM.txt,Crop-Production,1349,68,83,1349,521
Pearl-millet---Diseases-and-Symptoms.txt,Crop-Production,646,33,82,646,308
Pearl-millet--Pests-Management.txt,Crop-Production,1431,84,95,1431,549
Pearl-Millet-Pests.txt,Crop-Production,338,10,67,338,196
Pearl-millet.txt,Crop-Production,1936,59,280,1936,627
Persimmon-Beneficial-insects.txt,Crop-Production,20,1,11,20,18
Persimmon-Crop-Stage-Wise-IPM.txt,Crop-Production,2162,100,335,2162,763
Persimmon-Diseases.txt,Crop-Production,616,27,128,616,265
Persimmon-Insect-Pests.txt,Crop-Production,1645,74,111,1645,658
Persimmon-Pests.txt,Crop-Production,379,14,69,379,208
Pests-and-Diseases-Management-in-Ginger.txt,Crop-Production,1230,65,56,1230,519
Pheromones-for-pest-management-in-oilseed-crops.txt,Crop-Production,1107,53,48,1107,470
Pigeon-pea.txt,Crop-Production,2733,116,215,2733,984
Pineapple--Diseases-and-Symptoms.txt,Crop-Production,2584,125,210,2584,767
Pineapple--Insect-and-Pest-Management.txt,Crop-Production,3971,247,196,3971,1132
Pineapple--Pests.txt,Crop-Production,509,11,82,509,261
Pineapple-.txt,Crop-Production,834,39,61,834,381
Pineapple-Crop-Stage-Wise-IPM.txt,Crop-Production,2177,75,113,2177,757
Plant-nutrition-.txt,Crop-Production,2256,130,75,2256,690
Pomegranate-Beneficial-insects.txt,Crop-Production,35,1,19,35,25
Pomegranate-Crop-Stage-Wise-IPM.txt,Crop-Production,1699,57,303,1699,627
Pomegranate-Diseases.txt,Crop-Production,397,20,66,397,196
Pomegranate-Insect-Pests.txt,Crop-Production,1220,66,163,1220,499
Pomegranate-Pests.txt,Crop-Production,223,10,40,223,126
Pomegranate.txt,Crop-Production,228,12,15,228,127
Potato--Crop-Stage-wise-IPM.txt,Crop-Production,3223,81,124,3223,882
Potato--Diseases-and-Symptoms.txt,Crop-Production,1693,93,197,1693,575
Potato--Natural-Enemies.txt,Crop-Production,249,20,80,249,85
Potato-Pests-.txt,Crop-Production,688,21,110,688,338
Potato.txt,Crop-Production,2926,150,119,2926,913
Practices-for-regular-bearing-in-mango.txt,Crop-Production,681,29,38,681,320
Principles-to-design-Integrated-Nematode-Management.txt,Crop-Production,541,29,23,541,246
Proso-Millet-.txt,Crop-Production,355,15,110,355,188
Protected-Cultivation-of-Capsicum.txt,Crop-Production,5094,245,217,5094,1497
Protected-cultivation-of-Tomato-in-Sikkim.txt,Crop-Production,1165,67,82,1165,457
Pterocarpus-santalinus.txt,Crop-Production,1171,61,152,1171,549
Pulses-in-India.txt,Crop-Production,762,27,27,762,357
Ragi-Blast-a-major-disease-in-finger-millet.txt,Crop-Production,896,39,45,896,414
Ragi.txt,Crop-Production,1582,76,139,1582,660
Rain-deficit-moisture-stress-management-in-fruit-crops.txt,Crop-Production,3178,126,159,3178,901
Rain-deficit-moisture-stress-management-in-spices.txt,Crop-Production,825,14,130,825,190
Rain-deficit-moisture-stress-management-in-vegtables.txt,Crop-Production,1547,49,145,1547,590
Rajmash--Crop-Stage-wise-IPM.txt,Crop-Production,1307,62,88,1307,550
Rajmash--Diseases-and-Symptoms.txt,Crop-Production,751,41,96,751,321
Rajmash--Insect-and-Mite-Management.txt,Crop-Production,1123,56,114,1123,511
Rajmash-Pests.txt,Crop-Production,369,15,88,369,201
Raspberry-Beneficial-Insects.txt,Crop-Production,32,1,17,32,27
Raspberry-Crop-Stage-Wise-IPM.txt,Crop-Production,2005,49,291,2005,671
Raspberry-Diseases.txt,Crop-Production,1902,43,290,1902,635
Raspberry-Insect-and-Mite-Pests.txt,Crop-Production,1447,77,107,1447,597
Raspberry-Pests.txt,Crop-Production,419,11,70,419,235
Real-time-Weather-Forecast.txt,Crop-Production,569,24,40,569,272
Redgram--Crop-Stage-wise-IPM.txt,Crop-Production,1966,49,145,1966,606
Redgram--Diseases-and-Symptoms.txt,Crop-Production,877,51,105,877,373
Redgram--Insect-and-Mite-Management.txt,Crop-Production,1533,74,146,1533,585
Redgram--Natural-Enemies.txt,Crop-Production,79,1,28,79,62
Redgram-Pests-.txt,Crop-Production,580,11,79,580,274
Released-varieties-of-Kodo-millet-in-India-for-cultivation-.txt,Crop-Production,1312,21,362,1312,472
Rice-gall-midge-management.txt,Crop-Production,587,30,48,587,302
Rice-seed-production-in-North-Eastern-states.txt,Crop-Production,1778,117,89,1778,575
Rice.txt,Crop-Production,304,11,19,304,156
Role-of-Entomopathogenic-fungi-in-insect-pest-management.txt,Crop-Production,1158,56,46,1158,484
Role-of-honey-bees-in-pollination-of-oilseed-crops.txt,Crop-Production,801,48,77,801,379
Safflower--Crop-Stage-wise-IPM.txt,Crop-Production,1377,28,79,1377,548
Safflower--Diseases-and-Symptoms.txt,Crop-Production,683,30,117,683,307
Safflower--Insect-pests-Management.txt,Crop-Production,1112,56,93,1112,436
Safflower--Natural-Enemies.txt,Crop-Production,26,1,13,26,21
Safflower-Pests-.txt,Crop-Production,375,12,67,375,209
Safflower.txt,Crop-Production,1165,59,65,1165,493
Sapota-Beneficial-insects.txt,Crop-Production,18,1,11,18,16
Sapota-Crop-Stage-Wise-IPM.txt,Crop-Production,918,36,189,918,411
Sapota-Diseases.txt,Crop-Production,276,15,54,276,164
Sapota-Insect-Pests.txt,Crop-Production,1365,71,90,1365,557
Sapota-Pests.txt,Crop-Production,277,9,59,277,156
Seasme---Crop-Stage-wise-IPM-.txt,Crop-Production,1234,22,89,1234,520
Sesame--Diseases-and-Symptoms.txt,Crop-Production,403,21,64,403,204
Sesame--Insect-Pests-Management.txt,Crop-Production,757,45,76,757,326
Sesame--Natural-Enemies.txt,Crop-Production,26,1,13,26,21
Sesame-Pests.txt,Crop-Production,413,12,68,413,220
Sesame.txt,Crop-Production,1880,62,524,1880,751
Shade-house.txt,Crop-Production,1322,82,277,1322,441
Small-cardamom--Crop-Stage-wise-IPM.txt,Crop-Production,2119,82,120,2119,670
Small-cardamom--Diseases-and-Symptoms.txt,Crop-Production,1521,82,222,1521,495
Small-cardamom--Insect-Pests-Management.txt,Crop-Production,1967,91,243,1967,653
Small-cardamom-Natural-Enemies.txt,Crop-Production,30,1,13,30,22
Small-cardmom--Pests.txt,Crop-Production,408,11,68,408,225
Sorghum---Crop-Stage-wise-IPM.txt,Crop-Production,1741,65,99,1741,588
Sorghum---Production-technology.txt,Crop-Production,261,12,13,261,130
Sorghum--Diseases-and-Symptoms.txt,Crop-Production,1005,64,117,1005,429
Sorghum--Pests-Management.txt,Crop-Production,1828,100,119,1828,649
Sorghum-Pests.txt,Crop-Production,695,17,94,695,295
Spinach---Natural-Enemies.txt,Crop-Production,66,2,31,66,48
Spinach--Crop-Stage-wise-IPM.txt,Crop-Production,1095,45,90,1095,460
Spinach--Diseases-and-Symptoms.txt,Crop-Production,856,41,100,856,320
Spinach--Insect-and-Mite-Pests.txt,Crop-Production,2159,126,167,2159,753
Spinach-Pests-.txt,Crop-Production,264,14,47,264,146
Status-of-Rice-Varieties-and-Hybrids-Released-in-India.txt,Crop-Production,472,16,27,472,237
Strawberry-Beneficial-Insects.txt,Crop-Production,21,1,13,21,19
Strawberry-Crop-stage-wise-IPM.txt,Crop-Production,1385,49,342,1385,481
Strawberry-Diseases.txt,Crop-Production,1412,64,222,1412,500
Strawberry-Insect-Pests.txt,Crop-Production,1370,67,104,1370,551
Strawberry-Pests.txt,Crop-Production,464,13,81,464,234
Sugarcane--Crop-Stage-wise-IPM.txt,Crop-Production,2650,103,107,2650,859
Sugarcane--Diseases-and-Symptoms.txt,Crop-Production,1594,72,172,1594,545
Sugarcane--Natural-Enemies.txt,Crop-Production,634,17,77,634,282
Sugarcane--Pests.txt,Crop-Production,697,21,112,697,341
Sugarcane.txt,Crop-Production,835,27,64,835,379
Summary-of-ICAR-Agro-Advisory-for-Rabi-2021-22.txt,Crop-Production,5281,136,165,5281,1551
Sunflower-Beneficial-insects.txt,Crop-Production,34,1,17,34,27
Sunflower-Crop-Stage-Wise-IPM.txt,Crop-Production,2381,100,406,2381,847
Sunflower-pests.txt,Crop-Production,473,10,79,473,255
Sweet-Orange.txt,Crop-Production,1133,51,128,1133,528
Sword-Bean.txt,Crop-Production,372,19,31,372,204
Tapioca-Crop-Stage-Wise-IPM.txt,Crop-Production,1137,37,213,1137,461
Tapioca-Diseases.txt,Crop-Production,408,19,61,408,203
Tapioca-Insect-and-Mite-Pests.txt,Crop-Production,1097,60,99,1097,486
Tapioca-Pests.txt,Crop-Production,275,6,41,275,161
Tea-Beneficial-Insects.txt,Crop-Production,25,1,25,25,21
Tea-Crop-Stage-Wise--IPM.txt,Crop-Production,4718,183,439,4718,1386
Tea-Diseases.txt,Crop-Production,784,41,113,784,335
Tea-Insect-Pests.txt,Crop-Production,2794,147,232,2794,944
Tea-Pests.txt,Crop-Production,653,16,94,653,320
Technologies-for-Vegetable-crops.txt,Crop-Production,78,2,13,78,48
The-Nematodes-From-the-Vistas-of-Climate-Change.txt,Crop-Production,5166,296,215,5166,1529
Tips-for-rice-growers.txt,Crop-Production,448,34,30,448,180
Tobacco--Crop-Stage-wise-IPM.txt,Crop-Production,1922,108,101,1922,671
Tobacco--Diseases-and-Symptoms.txt,Crop-Production,1401,82,186,1401,493
Tobacco--Natural-Enemies.txt,Crop-Production,435,15,52,435,222
Tobacco-Pests.txt,Crop-Production,488,21,83,488,254
Tobacco.txt,Crop-Production,1945,105,124,1945,716
Tomato--Crop-Stage-wise-IPM.txt,Crop-Production,3135,86,103,3135,756
Tomato--Diseases-and-Symptoms.txt,Crop-Production,1575,67,194,1575,566
Tomato--Insect-and-Pests-Management.txt,Crop-Production,1103,66,134,1103,493
Tomato--Natural-Enemies.txt,Crop-Production,849,24,64,849,276
Tomato-Pests.txt,Crop-Production,1004,36,97,1004,321
Tomato.txt,Crop-Production,2332,118,166,2332,860
Transgenic-Crops-Biosafety-Concerns-and-Regulations-in-India.txt,Crop-Production,1669,65,90,1669,658
Tuberose.txt,Crop-Production,6842,321,318,6842,1783
Turmeric--Crop-Stage-wise-IPM.txt,Crop-Production,2508,115,110,2508,707
Turmeric--Diseases-and-Symptoms.txt,Crop-Production,737,40,98,737,305
Turmeric--Natural-Enemies.txt,Crop-Production,507,17,38,507,218
Turmeric-Pests.txt,Crop-Production,477,20,85,477,255
Turmeric.txt,Crop-Production,3557,166,331,3557,1248
Uses-of-Oats-.txt,Crop-Production,1738,144,96,1738,689
Vanilla.txt,Crop-Production,3486,186,153,3486,1127
Vegetable-cultivation-in-Meghalaya.txt,Crop-Production,5236,268,404,5236,1287
Walnut-beneficial-insects.txt,Crop-Production,27,1,17,27,24
Walnut-Insect-Pests.txt,Crop-Production,2723,143,164,2723,889
Walnut-Pests.txt,Crop-Production,427,17,59,427,214
Walnut-Stage-wise-IPM.txt,Crop-Production,2121,83,390,2121,793
Weather-based-Agro-Advisories.txt,Crop-Production,395,14,23,395,199
Wheat--Crop-Stage-wise-IPM.txt,Crop-Production,2962,129,105,2962,854
Wheat--Diseases-and-Symptoms.txt,Crop-Production,1679,95,232,1679,551
Wheat-Pests.txt,Crop-Production,604,29,85,604,314
Wheat.txt,Crop-Production,3258,139,123,3258,927
Year-round-cultivation-of-chrysanthemums.txt,Crop-Production,1114,42,105,1114,501
Zinc-Solubilizing-Bacteria-and-its-Application-in-Agriculture.txt,Crop-Production,791,40,39,791,348
Active-Fishing-Gears.txt,Fisheries,1917,116,98,1917,641
Advisories-for-inland-fishers-in-the-context-of-COVID19.txt,Fisheries,854,44,30,854,377
AMR-and-animal-health.txt,Fisheries,667,32,31,667,267
Aquaculture-in-Apatani-plateau-in-Arunachal-Pradesh.txt,Fisheries,602,26,25,602,274
Aquaculture-in-Hills-.txt,Fisheries,1998,99,65,1998,597
Aquafarmer-centric-information-related-to-aquaculture.txt,Fisheries,2409,75,304,2409,749
Biofloc-culture.txt,Fisheries,751,37,42,751,351
Biofloc-Fish-Culture.txt,Fisheries,780,32,44,780,366
Breeding-and-Seed-Production-of-Silver-Pompano.txt,Fisheries,2586,124,67,2586,828
Breeding-and-seed-production-of-Tiger-shrimp.txt,Fisheries,1897,96,84,1897,726
Cage-culture-in-Aquaculture-.txt,Fisheries,1980,102,109,1980,741
Carp-culture-in-ponds.txt,Fisheries,1547,58,103,1547,592
Chemical-composition-of-fish.txt,Fisheries,3508,177,95,3508,1031
COVID-19-guidelines-for-fishing-and-fish-handling-.txt,Fisheries,9,1,3,9,9
COVID-19-Mitigation-Advisory-for-Fish-Transportation.txt,Fisheries,1058,47,89,1058,434
Culture-of-Chinese-carp.txt,Fisheries,2498,168,156,2498,828
Culture-of-Climbing-perch-fish.txt,Fisheries,1859,95,57,1859,703
Culture-of-Cobia.txt,Fisheries,1892,96,67,1892,679
Culture-of-Common-carp.txt,Fisheries,3348,197,136,3348,1043
Culture-of-Indian-Major-Carp.txt,Fisheries,3814,189,165,3814,1080
Culture-of-minor-carps-and-barbs.txt,Fisheries,1362,78,48,1362,520
Culture-of-Murrel.txt,Fisheries,2038,114,64,2038,725
Economics-of-freshwater-pearl-culture.txt,Fisheries,439,30,225,439,225
Edible-Oyster-Farming-in-India.txt,Fisheries,2999,140,355,2999,1060
Egg-buriers-of-ornamental-fish.txt,Fisheries,451,25,28,451,246
Egg-depositor-of-ornamental-fishes.txt,Fisheries,1355,67,57,1355,559
Egg-scatter-laying-adhesive-eggs.txt,Fisheries,556,33,62,556,292
Egg-Scatter-laying-non-adhesive-eggs.txt,Fisheries,870,58,71,870,376
Fish-culture-in-Ponds.txt,Fisheries,603,41,33,603,236
Fish-curing.txt,Fisheries,908,46,47,908,337
Fish-Disease-and-Pond-Environment-Monitoring.txt,Fisheries,2790,111,158,2790,900
Fisheries-extension.txt,Fisheries,1758,69,42,1758,637
Fishing-boats-in-India.txt,Fisheries,1990,82,279,1990,652
Fishing-Crafts-and-Gears-in-Lakes-of-India.txt,Fisheries,1760,82,48,1760,585
Fishing-crafts-in-reservoirs-of-India.txt,Fisheries,627,35,29,627,283
Foldable-trap-to-exploit-fishery-in-backwaters.txt,Fisheries,331,14,13,331,158
Fresh-Water-Prawn-Culture.txt,Fisheries,1939,134,608,1939,704
Freshwater-Pearl-Culture.txt,Fisheries,2443,111,88,2443,750
Grow-out-culture-of-Magur.txt,Fisheries,1703,94,77,1703,616
Guidelines-for-Sea-Cage-Farming-in-India.txt,Fisheries,4571,207,182,4571,1319
Integrated-Farming-Systems-in-Assam.txt,Fisheries,4985,270,636,4985,1342
Livebearers-of-Ornamental-Fishes.txt,Fisheries,1395,66,155,1395,557
Lobster-farming-in-India.txt,Fisheries,1439,66,59,1439,583
Locally-available-fish-feed-ingredients.txt,Fisheries,351,10,209,351,225
Marine-Fin-Fish-Culture.txt,Fisheries,2284,64,143,2284,822
Marine-fisheries-in-india.txt,Fisheries,769,30,23,769,366
Mince-and-mince-based-products.txt,Fisheries,963,46,47,963,361
Mud-Crab-Culture.txt,Fisheries,1061,59,77,1061,426
Murrel-Culture-in-Ponds.txt,Fisheries,727,35,49,727,317
Mussel-Culture-.txt,Fisheries,1860,98,98,1860,708
Nest-builders-of-Ornamental-fishes.txt,Fisheries,1720,89,88,1720,638
Nutrient-requirements-of-gold-fish.txt,Fisheries,903,28,363,903,403
Nutrients-requirement-of-fishes.txt,Fisheries,1619,60,33,1619,470
Ornamental-fish-farming-in-India.txt,Fisheries,703,32,177,703,375
Ornamental-Fish-Farming.txt,Fisheries,629,30,51,629,345
Overview-of-Freshwater-Pearl-Culture.txt,Fisheries,1049,44,48,1049,387
Preservation-and-Storage-of-fish-products.txt,Fisheries,3279,163,142,3279,1012
Processing-of-fish.txt,Fisheries,10246,516,471,10246,2067
Production-of-Asian-Seabass.txt,Fisheries,1747,88,201,1747,604
Production-of-Butter-Catfish.txt,Fisheries,1403,62,63,1403,570
Production-of-Carp-Fry-and-Fingerlings.txt,Fisheries,1270,50,45,1270,462
Production-of-Cauvery-Carp.txt,Fisheries,748,36,45,748,365
Production-of-Clams.txt,Fisheries,1208,51,59,1208,541
Production-of-Climbing-Perch.txt,Fisheries,1447,74,74,1447,603
Production-of-Cobia.txt,Fisheries,2658,119,231,2658,928
Production-of-Giant-Freshwater-Prawn.txt,Fisheries,2724,115,151,2724,994
Production-of-Grey-Mullet.txt,Fisheries,1211,59,79,1211,474
Production-of-Grouper.txt,Fisheries,2947,130,138,2947,955
Production-of-Indian-White-Shrimp.txt,Fisheries,1018,50,85,1018,409
Production-of-Mahseer.txt,Fisheries,1404,73,45,1404,599
Production-of-Major-Carps.txt,Fisheries,8995,393,468,8995,2087
Production-of-Malabar-Labeo.txt,Fisheries,1052,55,43,1052,474
Production-of-Milk-Fish.txt,Fisheries,2378,110,145,2378,845
Production-of-Murrels.txt,Fisheries,2202,97,130,2202,804
Production-of-Mussels.txt,Fisheries,3442,138,175,3442,1157
Production-of-Nile-Tilapia.txt,Fisheries,7459,323,339,7459,1772
Production-of-Pangasius-Catfish.txt,Fisheries,3055,127,149,3055,969
Production-of-Pearlspot.txt,Fisheries,3006,133,215,3006,995
Production-of-Pompano.txt,Fisheries,1086,56,187,1086,452
Production-of-Pulchellus-Carp.txt,Fisheries,2132,83,61,2132,745
Production-of-Seaweeds.txt,Fisheries,1541,68,56,1541,635
Production-of-Stinging-Catfish.txt,Fisheries,1624,78,75,1624,635
Production-of-Tiger-Shrimp.txt,Fisheries,4719,211,259,4719,1370
Production-of-Vannamei-Shrimp.txt,Fisheries,2097,95,134,2097,756
Production-of-Walking-Catfish.txt,Fisheries,2885,140,87,2885,958
Production-of-Yellow-Catfish.txt,Fisheries,1091,54,37,1091,516
Products-from-fish.txt,Fisheries,2059,79,183,2059,662
Products-from-Rainbow-Trout.txt,Fisheries,597,28,63,597,291
Recirculatory-Aquaculture-System-(RAS).txt,Fisheries,769,28,72,769,389
Reservoir-Fisheries-of-India.txt,Fisheries,1017,46,45,1017,370
Reservoir-Fishing-Gears.txt,Fisheries,1131,59,34,1131,394
Riverine-Fish-Species-.txt,Fisheries,221,8,46,221,125
Riverine-Fishing-Crafts-and-Gears.txt,Fisheries,2856,160,155,2856,873
Riverine-system-of-India.txt,Fisheries,1783,57,894,1783,792
Sea-urchin-Culture.txt,Fisheries,1232,50,86,1232,545
Site-selection-and-construction-of-fish-farm.txt,Fisheries,2359,118,112,2359,732
Spoilage-of-fish-products.txt,Fisheries,780,43,43,780,362
Surgical-procedures-in-pearl-culture.txt,Fisheries,2560,103,59,2560,718
Trend-analysis-of-Marine-Fisheries-of-India.txt,Fisheries,3400,154,64,3400,905
Trophic-State-Index-.txt,Fisheries,700,32,37,700,276
Trout-Culture-in-Raceways.txt,Fisheries,1033,49,39,1033,417
Trout-Culture-in-Recirculatory-Aquaculture-System-(RAS).txt,Fisheries,1237,41,83,1237,549
Trout-farming-in-HP.txt,Fisheries,904,39,95,904,355
Types-of-Pearls-.txt,Fisheries,862,39,50,862,353
Agro-forestry.txt,Forestry,2488,92,184,2488,805
Ailanthus-excelsa.txt,Forestry,1094,66,37,1094,509
Calophyllum-inophyllum.txt,Forestry,908,54,50,908,439
Casuarina.txt,Forestry,1770,89,49,1770,694
Clonal-forestry.txt,Forestry,2832,149,83,2832,860
Disease-management.txt,Forestry,4765,241,263,4765,1178
Eucalyptus.txt,Forestry,990,55,51,990,472
Fire-protection.txt,Forestry,836,34,55,836,385
Forest-Nursery.txt,Forestry,754,35,35,754,351
Gmelina-arborea-.txt,Forestry,1356,79,53,1356,550
Melia-dubia.txt,Forestry,726,50,31,726,361
Neolamarckia-cadamba-.txt,Forestry,1384,71,56,1384,639
Pest-management.txt,Forestry,1644,84,61,1644,572
Sandalwood.txt,Forestry,1582,75,69,1582,640
Teak.txt,Forestry,1578,68,37,1578,596
Tree-Pest-Management.txt,Forestry,1542,83,335,1542,429
Weed-management.txt,Forestry,1068,51,44,1068,446
Acoustic-detection-of-wood-borers.txt,ICT-applications-in-Agriculture,783,31,37,783,320
Artificial-Intelligence-in-Agriculture.txt,ICT-applications-in-Agriculture,1269,54,59,1269,525
Blockchain-in-Agriculture.txt,ICT-applications-in-Agriculture,733,37,37,733,329
Book-your-crop-on-Mobile-.txt,ICT-applications-in-Agriculture,619,28,35,619,283
Disaster-Preparedness.txt,ICT-applications-in-Agriculture,616,24,25,616,307
Electronic-Negotiable-Warehouse-Receipt.txt,ICT-applications-in-Agriculture,696,19,43,696,276
First-of-its-kind-Fly.docx,ICT-applications-in-Agriculture,0,0,1,0,0
IoT-in-Agriculture.txt,ICT-applications-in-Agriculture,1116,48,83,1116,451
Kisan-Sarathi-digital-platform.txt,ICT-applications-in-Agriculture,117,4,7,117,79
Kisan-Suvidha-App.txt,ICT-applications-in-Agriculture,341,20,26,341,168
Paddy--Growers-of--Odisha---An-Online--Bonanza.txt,ICT-applications-in-Agriculture,575,22,34,575,280
"Precision-livestock-farming--Principles,-Opportunities-and-Challenges.txt",ICT-applications-in-Agriculture,2005,62,58,2005,667
Robotics-in-Vegetable-Crops.txt,ICT-applications-in-Agriculture,2084,90,108,2084,840
SATHI-portal.txt,ICT-applications-in-Agriculture,293,6,35,293,153
Use-of-Drones-in-Agriculture-.txt,ICT-applications-in-Agriculture,1670,56,66,1670,600
Advisory-on-Lumpy-Skin-Disease.txt,Livestock,696,20,51,696,336
Animal-breeding.txt,Livestock,659,35,54,659,266
Appearance-of-the-healthy-animal.txt,Livestock,921,59,96,921,319
Artificial-Insemination.txt,Livestock,2315,120,147,2315,789
Body-temperature-of-animals.txt,Livestock,562,34,80,562,236
Breeding-Management.txt,Livestock,1154,62,110,1154,460
Breeding-strategies-for-improving-Chevon-and-goat-milk-production-in-India-.txt,Livestock,1467,54,127,1467,553
Breeds-of-cattle-_-buffalo.txt,Livestock,5475,366,565,5475,1259
Breeds-of-Pigs.txt,Livestock,1142,49,113,1142,475
Breeds-of-Sheep-_-Goat.txt,Livestock,6181,466,544,6181,1185
Buffalo-genetic-resources-in-India-and-their-conservation.txt,Livestock,1343,54,133,1343,584
Calendar-of-activities-for-cattle-management.txt,Livestock,3182,167,165,3182,725
Calving-(Parturition).txt,Livestock,891,52,74,891,316
Care-of-the-newborn-animal.txt,Livestock,889,50,60,889,322
Care-of-the-Sow-and-Piglet.txt,Livestock,516,29,30,516,219
Care-_-Management-of-dry-cows.txt,Livestock,911,54,47,911,384
Care-_-Management-of-pregnant-animal.txt,Livestock,967,50,43,967,430
Castrating-Piglets.txt,Livestock,429,29,24,429,203
Castration-of-ruminants.txt,Livestock,701,45,68,701,278
Clean-milk-production.txt,Livestock,2544,116,80,2544,902
Commercial-Rearing-.txt,Livestock,88,4,16,88,62
Common-abbreviations-used-in-veterinary-prescriptions.txt,Livestock,424,24,164,424,253
Common-animal-diseases-and-their-management.txt,Livestock,8721,467,451,8721,2245
Common-management-practices.txt,Livestock,1933,98,176,1933,789
"Dehorning-Calves,-Lambs-and-Kids.txt",Livestock,310,21,31,310,152
Dentition-and-ageing-of-horses.txt,Livestock,1888,86,156,1888,483
Determination-of-age-of-animals.txt,Livestock,381,8,69,381,120
e-pashuhaat-portal.txt,Livestock,286,13,40,286,166
Ear-tagging-or-Notching-.txt,Livestock,242,15,21,242,117
Economic-characters-of-dairy-cattle.txt,Livestock,935,48,89,935,271
Ethnoveterinary-Formulations-for-Important-Ailments-in-Bovines.txt,Livestock,1441,83,242,1441,436
External-Parasites-of-Ruminants.txt,Livestock,859,52,46,859,313
Factors-affecting-Breeding-Efficiency-in-Cattle-and-Buffaloes.txt,Livestock,802,38,27,802,370
Feed-and-Water-For-Ruminants.txt,Livestock,1304,77,94,1304,460
Feeding-and-Housing-for-Pigs.txt,Livestock,1083,60,45,1083,356
Feeding-Management.txt,Livestock,1078,47,186,1078,422
Fodder-Production.txt,Livestock,3054,156,262,3054,937
Grazing-and-feed-management.txt,Livestock,3061,147,289,3061,977
Guidelines-for-prevention-of-Lumpy-Skin-Disease.txt,Livestock,1543,51,82,1543,543
Handling-and-restraining-pigs.txt,Livestock,307,18,21,307,152
Health-Management-of-Poultry.txt,Livestock,3504,215,222,3504,1098
Health-Management.txt,Livestock,2901,184,326,2901,964
Heat-(oestrus)-in-the-sow.txt,Livestock,387,21,27,387,163
Housing-for-Dairy-Cattle.txt,Livestock,3851,188,292,3851,1125
Housing-Management.txt,Livestock,718,36,138,718,351
Importance-of-record-keeping-at-livestock-farm.txt,Livestock,804,35,38,804,318
Incidences-of-mastitis-among-bovines-and-its-management-.txt,Livestock,1074,46,60,1074,430
Indian-Gir-Cow-Milk-Urine-Health-Benefits.txt,Livestock,893,38,40,893,417
Indigenous-Dog-Breeds-of-Tamil-Nadu.txt,Livestock,753,34,39,753,360
Indigenous-vaccine-for-Lumpy-Skin-disease.txt,Livestock,431,22,25,431,224
Infertility-in-farm-animals-.txt,Livestock,4116,235,170,4116,1247
Integrated-Farming-Systems-for-North-Eastern-Hilly-Region.txt,Livestock,4714,213,471,4714,1409
Internal-parasites-and-skin-infections-of-pigs.txt,Livestock,931,56,53,931,328
Internal-parasites-of-ruminants.txt,Livestock,633,38,53,633,283
Ketosis-in-Dairy-Animals-and-its-Management.txt,Livestock,684,46,52,684,309
Lambing-and-Kidding-(Parturition).txt,Livestock,598,36,55,598,254
Livestock-disease-forewarning-.txt,Livestock,803,22,96,803,391
Lumpy-Skin-disease-in-cattle.txt,Livestock,755,36,48,755,354
Management-of-Dairy-animals-during-heat-stress.txt,Livestock,624,30,64,624,320
Management-practices-for-enhancing-productivity-of-piggery-farm.txt,Livestock,3013,137,220,3013,1071
Managing-buffaloes-during-drought.txt,Livestock,1546,74,51,1546,678
Measures-to-increase-fodder-availability.txt,Livestock,3060,52,360,3060,1018
Milk-Production-and-the-Udder.txt,Livestock,323,20,31,323,140
Milking-Machines.txt,Livestock,1067,30,95,1067,440
Mobile-Veterinary-Units-.txt,Livestock,735,28,49,735,341
Model-bankable-project-on-goat-farming.txt,Livestock,2338,107,677,2338,908
Model-bankable-project-on-Pig-Farming.txt,Livestock,3318,158,397,3318,1246
Moringa-cultivation-for-goat-feed.txt,Livestock,4171,179,807,4171,1232
One-Health-and-Global-Animal-Production.txt,Livestock,1125,38,55,1125,464
Organs-and-systems-of-an-animal-body.txt,Livestock,1108,64,93,1108,363
Overview-of--Veterinary-Medicine.txt,Livestock,661,33,104,661,366
Piggery.txt,Livestock,3203,125,408,3203,996
Pregnancy-and-Farrowig-in-pigs.txt,Livestock,491,26,32,491,226
Pregnancy-In-Ruminants.txt,Livestock,328,17,48,328,172
Prevention-and-Control-of-Common-Gastrointestinal-Roundworms-in-Livestock-species.txt,Livestock,538,28,27,538,281
Prospects-of-using-Artificial-Insemination-technology-in-pig-farming.txt,Livestock,1277,58,77,1277,534
Rearing-of-Calves.txt,Livestock,463,16,234,463,215
Repeat-breeding-syndrome-in-dairy-cows.txt,Livestock,1622,96,66,1622,694
Reproductive-system-in-sheeps-and-goats.txt,Livestock,1836,86,110,1836,680
Restraining-cattle-and-buffalo.txt,Livestock,359,17,36,359,165
Role-of-Livestock-in-Indian-Economy.txt,Livestock,1460,65,219,1460,524
Rumen-movement-in-ruminants.txt,Livestock,351,30,41,351,169
Shearing-and-Dagging-in-sheep.txt,Livestock,297,17,24,297,151
Sheep-Farming.txt,Livestock,1095,55,78,1095,464
Signs-of-Oestrus-in-ruminants.txt,Livestock,1078,58,85,1078,389
Spread-of-disease-in-animals.txt,Livestock,451,30,45,451,198
Teeth-clipping-in-young-pigs.txt,Livestock,422,26,28,422,167
Uses-of-animals-and-their-health-problems.txt,Livestock,540,36,58,540,258
Vaccination-schedule-for-goats.txt,Livestock,253,15,82,253,96
Vaccination-schedule-in-cattle-and-buffalo.txt,Livestock,1125,22,269,1125,423
Welfare-Requirements-of-Dairy-Calves-.txt,Livestock,1583,68,51,1583,568
New Text Document.txt,m,5,1,3,5,4
Agri-Export-Zones.txt,Market-information,1542,84,465,1542,699
Contract-Farming-.txt,Market-information,1953,70,163,1953,728
e-Auction-of-Cardamom.txt,Market-information,230,13,17,230,129
e-Auction-of-FCV-Tobacco.txt,Market-information,466,17,27,466,203
e-Auction-of-Tea-.txt,Market-information,252,11,17,252,136
e-CHARAK-platform-for-medicinal-plants.txt,Market-information,426,19,52,426,206
Institutions-related-to-Agriculutural-marketing.txt,Market-information,364,13,116,364,214
Market-information-related-websites.txt,Market-information,882,31,49,882,400
Minimum-Support-Price-for-Minor-Forest-Produce-.txt,Market-information,1775,17,758,1775,543
Minimum-Support-Price.txt,Market-information,1934,48,379,1934,666
"Model-Contract-Farming-Act,-2018.txt",Market-information,420,18,27,420,204
Operation-Greens.txt,Market-information,522,18,43,522,253
Agricultural-Credit.txt,State-specific-schemes-for-farmers,273,16,42,273,150
Agricultural-Insurance.txt,National-Schemes-for-Farmers,825,44,103,825,329
Assistance-for-Custom-Hiring-of-Farm-machinery.txt,National-Schemes-for-Farmers,528,25,123,528,166
Financial-Assistance-for-Procuremen.txt,National-Schemes-for-Farmers,4552,267,2039,4552,672
Horticulture.txt,State-specific-schemes-for-farmers,7836,393,726,7836,1037
Integrated-Farming.txt,State-specific-schemes-for-farmers,673,30,77,673,254
Irrigation.txt,State-specific-schemes-for-farmers,749,25,180,749,258
Kisan-Rail-service-.txt,National-Schemes-for-Farmers,360,11,34,360,188
National-Agricultural-Marketing.txt,National-Schemes-for-Farmers,799,38,52,799,383
Plant-Protection.txt,State-specific-schemes-for-farmers,469,22,86,469,247
Protection-of-Plant-Varieties-And-Farmers`Rights.txt,National-Schemes-for-Farmers,773,23,78,773,290
Schemes-for-Organic-Farming.txt,National-Schemes-for-Farmers,2109,70,777,2109,840
Seeds.txt,State-specific-schemes-for-farmers,791,30,122,791,275
"Soil-Health-Card,-Soil-Conservation-and-Micronutrients.txt",National-Schemes-for-Farmers,795,33,139,795,331
Sustainable-Agriculture.txt,National-Schemes-for-Farmers,2092,105,672,2092,704
Training-and-Extension-for-Farmers.txt,State-specific-schemes-for-farmers,1357,37,240,1357,489
Agri-Clinics-and-Agri-Business-Centres-Scheme.txt,Policies-and-Schemes,820,24,63,820,368
Agricultural-Marketing-Infrastructu.txt,Policies-and-Schemes,708,23,43,708,280
Agricultural-Mechanization-for-in-situ-Management-of-Crop-Residues.txt,Policies-and-Schemes,744,25,26,744,304
Animal-Husbandry-Infrastructure-Development-Fund-(AHIDF).txt,Policies-and-Schemes,839,27,48,839,313
Animal-Pandemic-Preparedness-Initiative.txt,Policies-and-Schemes,322,8,19,322,163
Assistance-for-Fodder-Feed-Production.txt,Policies-and-Schemes,347,15,27,347,181
Assistance-for-Pig-Farming.txt,Policies-and-Schemes,360,17,36,360,168
Assistance-for-Poultry-Farming.txt,Policies-and-Schemes,418,29,37,418,190
Assistance-for-Sheep-Goat-Farming.txt,Policies-and-Schemes,300,13,36,300,161
Assitance-for-Cattle---Buffalo-Farming.txt,Policies-and-Schemes,294,18,35,294,166
Biotech-KISAN-scheme.txt,Policies-and-Schemes,1003,40,39,1003,373
Blue-revolution.txt,Policies-and-Schemes,756,15,55,756,289
Bringing-Green-Revolution-to-Eastern-India-.txt,Policies-and-Schemes,190,5,26,190,115
Coir-Udyami-Yojana.txt,Policies-and-Schemes,680,23,45,680,313
Dairy-Entrepreneurship-Development-Scheme.txt,Policies-and-Schemes,1145,26,92,1145,401
Deep-Sea-Fishing-and-Tuna-Processing.txt,Policies-and-Schemes,288,16,26,288,171
Development-of-Domestic-Fish-Marketing.txt,Policies-and-Schemes,1301,57,106,1301,459
DIDF---Dairy-Processing-_-Infrastructure-Development-Fund.txt,Policies-and-Schemes,790,24,48,790,320
"FAQs-on-PPV_FR-Act,-2001.txt",Policies-and-Schemes,5293,371,897,5293,1551
"Farmers’-Rights-in-the-PPV_FR-Act,-2001.txt",Policies-and-Schemes,1265,31,45,1265,409
Financial-assistance-schemes-of-AWBI-.txt,Policies-and-Schemes,736,28,44,736,275
Fisheries-Development-in-Reservoirs.txt,Policies-and-Schemes,652,23,29,652,259
Fodder-Development-Scheme-.txt,Policies-and-Schemes,552,27,113,552,236
Ground-Water-Irrigation-scheme.txt,Policies-and-Schemes,1764,68,104,1764,607
Haldhar-Organic-Farmer-Award-.txt,Policies-and-Schemes,380,13,43,380,213
Incentive-Scheme-for-Acquisition-of.txt,Policies-and-Schemes,568,14,28,568,212
Infrastructure-Development-for-Harbours-and-Landing-Centres.txt,Policies-and-Schemes,350,12,32,350,180
Intensive-Aquaculture-in-Ponds-and-Tanks-.txt,Policies-and-Schemes,1196,57,144,1196,316
Jagjivan-Ram-Innovative-Farmer-Award-.txt,Policies-and-Schemes,731,20,102,731,358
Jute-Integrated-Development-Scheme-.txt,Policies-and-Schemes,1161,39,72,1161,432
Jute-Raw-Material-Bank-Scheme.txt,Policies-and-Schemes,1148,37,64,1148,438
Key-stakholders-of-MGNREGS.txt,Policies-and-Schemes,2699,35,169,2699,760
Labour-groups-in-MGNREGS.txt,Policies-and-Schemes,448,27,48,448,233
Model-Agriculture-Land-Leasing-Act-.txt,Policies-and-Schemes,671,20,26,671,301
N.G.-Ranga-Farmer-Award-for-Diversified-Agriculture.txt,Policies-and-Schemes,368,13,41,368,201
National-Agroforestry-Policy.txt,Policies-and-Schemes,722,25,36,722,358
National-Bamboo-Mission-.txt,Policies-and-Schemes,1967,99,341,1967,608
National-Certification-System-for-Tissue-Culture-Raised-Plants.txt,Policies-and-Schemes,546,20,30,546,246
National-Dairy-Plan-Phase-I.txt,Policies-and-Schemes,1378,24,113,1378,550
National-Food-Security-Mission.txt,Policies-and-Schemes,284,6,22,284,118
National-Livestock-Mission.txt,Policies-and-Schemes,437,10,23,437,202
National-Mission-on-Agricultural-Extension-_-Technology.txt,Policies-and-Schemes,371,12,26,371,194
National-Policy-on-Marine-Fisheries-2017.txt,Policies-and-Schemes,323,11,23,323,166
National-Programme-for-Bovine-Breeding-and-Dairy-Development.txt,Policies-and-Schemes,1344,35,99,1344,460
NDDB_s-Quality-Mark-for-Milk-and-Milk-Products-.txt,Policies-and-Schemes,895,33,65,895,336
Online-services-for-Vessel-registration-and-fishing-license.txt,Policies-and-Schemes,259,18,33,259,134
Overview-of-Krishonnati-Yojana.txt,Policies-and-Schemes,1062,34,53,1062,439
Overview-of-MGNREGA.txt,Policies-and-Schemes,1653,41,88,1653,607
Pandit-Deen-Dayal-Upadhyay-Antyodaya--Krishi-Puruskar.txt,Policies-and-Schemes,1590,65,44,1590,630
Paramparagat-Krishi-Vikas-Yojana.txt,Policies-and-Schemes,814,31,74,814,353
Partnership-with-civil-society-organisations.txt,Policies-and-Schemes,1157,52,102,1157,394
Planning-for-works-and-preparation-of-labour-budget.txt,Policies-and-Schemes,864,21,108,864,337
PMEGP.txt,Policies-and-Schemes,819,31,79,819,369
Policy-on-Promotion-of-Organic-Fertilizers.txt,Policies-and-Schemes,514,11,17,514,204
Policy-paper-on-doubling-farmers-income.txt,Policies-and-Schemes,1744,65,85,1744,569
Pradhan-Mantri-Annadata-Aay-SanraksHan-Abhiyan.txt,Policies-and-Schemes,575,23,21,575,233
Pradhan-Mantri-KISAN-Samman-Nidhi.txt,Policies-and-Schemes,576,14,35,576,281
Pradhan-Mantri-Kisan-Sampada-Yojana.txt,Policies-and-Schemes,419,16,32,419,194
Pradhan-Mantri-Kisan-Samridhi-Kendras.txt,Policies-and-Schemes,593,19,33,593,281
Pradhan-Mantri-Krishi-Sinchai-Yojana.txt,Policies-and-Schemes,1713,56,110,1713,631
Pradhan-Mantri-Matsya-Sampada-Yojana.txt,Policies-and-Schemes,1221,47,110,1221,377
Rashtriya-Krishi-Vikas-Yojana-.txt,Policies-and-Schemes,483,9,56,483,238
RGUMY.txt,Policies-and-Schemes,1911,65,66,1911,632
RISC.txt,Policies-and-Schemes,998,43,125,998,394
Scheme-for-Promotion-of-oil-palm-in-India.txt,Policies-and-Schemes,880,33,43,880,342
Schemes-for-Coastal-Aquaculture.txt,Policies-and-Schemes,784,28,103,784,245
Schemes-for-Mariculture.txt,Policies-and-Schemes,780,27,104,780,317
Schemes-for-Ornamental-Fisheries.txt,Policies-and-Schemes,627,18,74,627,158
Schemes-on-Seeds.txt,Policies-and-Schemes,906,40,109,906,231
Seaweed-Culture.txt,Policies-and-Schemes,533,19,53,533,277
SFURTI.txt,Policies-and-Schemes,1454,47,110,1454,563
Social-Accountability-in-MGNREGS.txt,Policies-and-Schemes,425,12,45,425,212
Social-Audit-and-accountability-.txt,Policies-and-Schemes,1844,66,72,1844,548
Social-Audit-Gram-Sabha-in-MGNREGA.txt,Policies-and-Schemes,2635,47,191,2635,809
Social-Audit-of-MGNREGA.txt,Policies-and-Schemes,1988,93,151,1988,620
Soil-Health-Card.txt,Policies-and-Schemes,759,40,51,759,284
Strategy-for-vulnerable-groups-under-MGNREGA.txt,Policies-and-Schemes,757,16,63,757,290
Sub-Mission-on-Agroforestry-(SMAF).txt,Policies-and-Schemes,1464,52,45,1464,536
Works-and-their-Execution.txt,Policies-and-Schemes,1496,39,142,1496,585
Asafoetida.txt,Post-Harvest-Technologies,642,31,42,642,312
Dammar.txt,Post-Harvest-Technologies,1054,43,69,1054,474
Drying.txt,Post-Harvest-Technologies,1047,43,111,1047,380
Food-Safety-Standards-_-Codex.txt,Post-Harvest-Technologies,924,36,50,924,345
Guar-Gum.txt,Post-Harvest-Technologies,1423,59,134,1423,604
Guggul.txt,Post-Harvest-Technologies,873,36,50,873,428
Gum-Arabic.txt,Post-Harvest-Technologies,1526,60,103,1526,642
Gum-Ghatti.txt,Post-Harvest-Technologies,983,54,64,983,453
Gum-Karaya.txt,Post-Harvest-Technologies,1190,44,64,1190,560
Harvesting.txt,Post-Harvest-Technologies,488,19,17,488,223
Integrated-Cold-Chain-Availability-Platform-.txt,Post-Harvest-Technologies,538,26,35,538,264
Low-cost-Ginger-storage-structure.txt,Post-Harvest-Technologies,1086,55,40,1086,405
Machineries-used-in-pulses-processing.txt,Post-Harvest-Technologies,1343,78,43,1343,517
Mandarin-Post-Harvest-Managment.txt,Post-Harvest-Technologies,4,1,1,4,4
Milling-of-Pulses.txt,Post-Harvest-Technologies,3677,193,157,3677,911
Mini-Dal-Mills.txt,Post-Harvest-Technologies,1924,106,43,1924,599
Natural-plant-resins-and-gums.txt,Post-Harvest-Technologies,775,35,37,775,331
Organic-Food.txt,Post-Harvest-Technologies,596,27,61,596,252
Pest-management-for-stored-grains.txt,Post-Harvest-Technologies,932,46,71,932,431
Post-harvest-Systems-of-Pulses.txt,Post-Harvest-Technologies,1975,82,87,1975,676
Pre-drying-in-pulses.txt,Post-Harvest-Technologies,298,15,25,298,154
Preparation-of-Ber-candy.txt,Post-Harvest-Technologies,471,23,27,471,239
Primary-and-secondary-storage-insects.txt,Post-Harvest-Technologies,2185,129,304,2185,670
Quality-standards-of-marketable-pulses.txt,Post-Harvest-Technologies,1207,60,63,1207,478
Rice-Milling-.txt,Post-Harvest-Technologies,1704,77,52,1704,574
Rosin.txt,Post-Harvest-Technologies,2624,109,93,2624,863
Salai.txt,Post-Harvest-Technologies,1072,56,67,1072,470
Solar-powered-vending-cart.txt,Post-Harvest-Technologies,327,14,27,327,200
Storage-insect-Pests-management-gadgets-from-TNAU.txt,Post-Harvest-Technologies,2315,98,106,2315,687
Storage-of-pulses.txt,Post-Harvest-Technologies,2112,98,67,2112,695
Stored-Grain-Pests-and-Their-Control.txt,Post-Harvest-Technologies,4197,198,250,4197,1264
Support-for-Cold-storage.txt,Post-Harvest-Technologies,238,8,17,238,115
Technologies-for-ripening-fruits.txt,Post-Harvest-Technologies,918,38,41,918,376
Technologies-from-CIPHET.txt,Post-Harvest-Technologies,14524,626,1165,14524,2611
Technology-based-Entrepreneurship--Programmes-.txt,Post-Harvest-Technologies,903,46,202,903,384
Threshing.txt,Post-Harvest-Technologies,730,32,21,730,287
Trading-of-Pulses.txt,Post-Harvest-Technologies,16,1,7,16,14
Value-addition-in-Pineapple.txt,Post-Harvest-Technologies,1019,47,341,1019,387
Breeds-_-availability.txt,Poultry,3076,108,418,3076,976
Broiler-Production-Technology-For-North-Eastern-Hill-Region.txt,Poultry,1749,92,177,1749,701
Broiler-Production.txt,Poultry,266,11,38,266,183
Brooding-management.txt,Poultry,303,17,33,303,162
Brooding.txt,Poultry,1996,94,216,1996,690
Emu-Farming.txt,Poultry,2508,135,413,2508,942
External-Parasites-of-Chickens-and-Ducks.txt,Poultry,651,38,34,651,254
Feeding-Chickens-and-Ducks.txt,Poultry,820,42,88,820,343
Feeding-management.txt,Poultry,2926,159,663,2926,765
Grower-management.txt,Poultry,613,37,56,613,267
Health-management.txt,Poultry,465,15,143,465,234
Housing-for-Chickens-and-Ducks.txt,Poultry,648,32,52,648,252
Housing-management.txt,Poultry,1089,70,156,1089,446
Incubators-and-Brooders.txt,Poultry,868,42,54,868,292
Internal-Parasites-of-Chickens-and-Ducks.txt,Poultry,605,35,41,605,233
Keeping-Chickens-and-Ducks.txt,Poultry,662,33,45,662,250
Layer-management.txt,Poultry,551,29,81,551,245
Layer-strains-_-suppliers.txt,Poultry,1163,19,149,1163,321
Model-Bankable-Project-on-Indigenous-Poultry-Farming.txt,Poultry,1484,66,69,1484,556
Model-bankable-project-on-poultry-layer-farming.txt,Poultry,1304,60,97,1304,550
Narmada-Nidhi---A-hybrid-variety-of-chicken.txt,Poultry,364,17,22,364,181
Problems-caused-by-poor-feed.txt,Poultry,331,15,39,331,170
Quail-Farming.txt,Poultry,1273,53,187,1273,542
Turkey-Farming.txt,Poultry,2589,124,545,2589,988
Agricultural-Marketing.txt,State-specific-schemes-for-farmers,594,26,100,594,259
Agriculture-Department.txt,State-specific-schemes-for-farmers,749,32,112,749,289
Agronomy.txt,State-specific-schemes-for-farmers,446,33,80,446,216
Animal-Husbandary-and-Veterinary-Department.txt,State-specific-schemes-for-farmers,155,6,50,155,72
Coconut-Development-Programme.txt,State-specific-schemes-for-farmers,406,24,36,406,179
Development-of-Manures-_-Fertilizers.txt,State-specific-schemes-for-farmers,365,36,58,365,163
Fisheries-Department.txt,State-specific-schemes-for-farmers,197,11,45,197,124
Horticultural-Development-Programme--.txt,State-specific-schemes-for-farmers,215,9,24,215,127
Horticulture-.txt,State-specific-schemes-for-farmers,802,32,161,802,307
Horticulture-Department.txt,State-specific-schemes-for-farmers,148,8,32,148,94
Human-Resource-Development--.txt,State-specific-schemes-for-farmers,119,5,13,119,79
Integrated-Farming-.txt,State-specific-schemes-for-farmers,727,33,78,727,263
Integrated-Pest-and-Disease-Management-.txt,State-specific-schemes-for-farmers,202,9,24,202,110
Livelihood-Support-Service-.txt,State-specific-schemes-for-farmers,123,6,17,123,78
Machineries-and-Equipments--.txt,State-specific-schemes-for-farmers,276,10,28,276,114
Machinery-_-Technology.txt,State-specific-schemes-for-farmers,318,18,46,318,155
Mechanization-and-Technology.txt,State-specific-schemes-for-farmers,4662,60,559,4662,709
Organic-Farming-Programme--.txt,State-specific-schemes-for-farmers,535,23,62,535,205
Soil-and-Water-Conservation.txt,State-specific-schemes-for-farmers,481,27,85,481,229
"Soil-Health,-Soil-Conservation-and-Fertilizers.txt",State-specific-schemes-for-farmers,618,23,124,618,268
State-specific-strategies-for-doubling-farmers_-income.txt,State-specific-schemes-for-farmers,293,10,13,293,173
Training-_-Extension-for-Farmers.txt,State-specific-schemes-for-farmers,457,32,80,457,216
A-Successful-Betel-Vine-Cultivator.txt,Women-and-agriculture,598,37,27,598,303
A-Successful-Dairy-Farm-Intervention.txt,Women-and-agriculture,372,20,13,372,183
A-Successful-Integrated-Farming-Model.txt,Women-and-agriculture,199,10,34,199,141
Adoption-of-High-Yielding-Groundnut-Variety-Dharani.txt,Women-and-agriculture,303,11,61,303,180
Ahead-with-Small-Holding.txt,Women-and-agriculture,637,33,34,637,306
Azolla-as-Livestock-Feed.txt,Women-and-agriculture,351,23,24,351,188
Beekeeping---A-Sustainable-Income-S.txt,Women-and-agriculture,444,15,25,444,234
Black-Gram-Cultivation-with-New-Technology.txt,Women-and-agriculture,429,21,52,429,230
"Climate-Change,-Impact-and-Adaptation--Gender-Perspective-in-Indian-Context.txt",Women-and-agriculture,1599,66,45,1599,496
Coconut-Based-Mixed-Farming-for-Livelihood-Support.txt,Women-and-agriculture,446,20,25,446,233
Crop-Diversification---Success-Story-of-a-Woman-Farmer.txt,Women-and-agriculture,247,20,23,247,147
Dairy-Farmer-Engineered-her-Success-through-Technology.txt,Women-and-agriculture,448,22,27,448,237
Determination-and-Courage-Lead-to-Success.txt,Women-and-agriculture,856,41,96,856,424
Drudgery-reducing-technologies-for-women.txt,Women-and-agriculture,5855,339,627,5855,1283
Empowering-Women-Through-Natural-Farming.txt,Women-and-agriculture,587,30,24,587,269
Empowerment-through-Integrated-Farming-System.txt,Women-and-agriculture,570,28,25,570,287
Goatery-as-a-Successful-Venture.txt,Women-and-agriculture,385,18,24,385,198
Hybrid-Maize-Cultivation-.txt,Women-and-agriculture,358,23,27,358,205
Income-Enhancement-Through-Agriculture.txt,Women-and-agriculture,437,24,23,437,213
Integrated-Agro-Forestry-Model.txt,Women-and-agriculture,462,27,24,462,233
Integrated-Farming-and-Kitchen-Gardening.txt,Women-and-agriculture,366,18,76,366,213
Journey-of-Nurse-to-Become-a-Farmer.txt,Women-and-agriculture,852,35,43,852,394
Lemongrass-Farming-as-an-enterprise.txt,Women-and-agriculture,614,30,23,614,279
Mahila-Kisan-Sashaktikaran-Pariyojana.txt,Women-and-agriculture,574,19,40,574,295
Mushroom-Cultivation-Conferred-Recognition.txt,Women-and-agriculture,578,30,32,578,287
Protected-Cultivation-and-Farm-Mechnisation.txt,Women-and-agriculture,422,23,31,422,235
Protective-clothing-for-farm-workers.txt,Women-and-agriculture,184,6,23,184,112
Role-of-women-in-agriculture-and-its-allied-fields.txt,Women-and-agriculture,740,33,53,740,350
Scientific-Intervention-in-Dairy-Farming.txt,Women-and-agriculture,510,20,29,510,255
SHGs-of-Ganjam-blossoming-along-with-their-Gerbera-Plantation-Initiative.txt,Women-and-agriculture,573,30,19,573,272
Slatted-Floor-Goat-Farming.txt,Women-and-agriculture,553,32,40,553,278
Special-provisions-for-women-farmers-in-national-schemes.txt,Women-and-agriculture,4722,226,792,4722,998
Success-in-Agro-Forestry.txt,Women-and-agriculture,680,45,28,680,295
Success-Story-of-Cultivation-of-Potato.txt,Women-and-agriculture,312,18,19,312,174
Tools-and-equipments-to-reduce-women-drudgery.txt,Women-and-agriculture,1425,72,116,1425,570
Wings-of-Self-Confidence--Success-through-Goat-Rearing-Practice.txt,Women-and-agriculture,1381,56,68,1381,578
